DATE,OPEN,HIGH,LOW,CLOSE,VOL,Return_%,True_Range,Avg_Daily_Vol,Trading_Days
1993-01-29,43.97,43.97,43.75,43.94,1003200.0,-0.07,0.22,1003200,1
1993-02-05,43.97,45.09,43.97,44.97,2234800.0,2.27,1.12,446960,5
1993-02-12,44.97,45.12,44.53,44.59,1159800.0,-0.83,0.59,231960,5
1993-02-19,44.47,44.47,42.81,43.56,998700.0,-2.04,1.66,249675,4
1993-02-26,43.69,44.44,43.47,44.41,1024300.0,1.65,0.97,204860,5
1993-03-05,44.56,45.19,44.22,44.75,658500.0,0.42,0.97,131700,5
1993-03-12,44.84,45.84,44.81,45.09,1129000.0,0.56,1.03,225800,5
1993-03-19,45.06,45.5,44.97,45.03,489600.0,-0.07,0.53,97920,5
1993-03-26,44.59,45.25,44.56,44.91,487400.0,0.7,0.69,97480,5
1993-04-02,44.94,45.47,44.09,44.09,443600.0,-1.88,1.38,88720,5
1993-04-09,44.44,44.53,44.06,44.28,510700.0,-0.35,0.47,127675,4
1993-04-16,44.72,45.16,44.66,44.94,810700.0,0.49,0.5,162140,5
1993-04-23,44.94,45.06,43.69,43.75,708100.0,-2.64,1.38,141620,5
1993-04-30,43.78,44.28,43.28,44.03,478800.0,0.57,1.0,95760,5
1993-05-07,44.09,44.75,43.91,44.34,461300.0,0.57,0.84,92260,5
1993-05-14,44.41,44.69,43.97,44.0,380100.0,-0.91,0.72,76020,5
1993-05-21,44.12,45.25,43.84,44.75,509000.0,1.42,1.41,101800,5
1993-05-28,44.84,45.66,44.84,45.22,457600.0,0.84,0.81,91520,5
1993-06-04,45.38,45.81,45.09,45.28,102200.0,-0.21,0.72,25550,4
1993-06-11,45.38,45.38,44.72,45.09,934500.0,-0.62,0.66,186900,5
1993-06-18,45.16,45.19,44.5,44.5,633400.0,-1.45,0.69,126680,5
1993-06-25,44.62,44.91,44.22,44.78,682900.0,0.35,0.69,136580,5
1993-07-02,45.0,45.28,44.53,44.69,1976100.0,-0.69,0.75,395220,5
1993-07-09,44.62,44.97,44.16,44.97,1216500.0,0.77,0.81,304125,4
1993-07-16,44.91,45.19,44.66,44.75,2040800.0,-0.35,0.53,408160,5
1993-07-23,44.75,44.84,44.47,44.72,1318000.0,-0.07,0.38,263600,5
1993-07-30,44.84,45.22,44.78,44.84,651200.0,0.0,0.44,130240,5
1993-08-06,44.91,45.19,44.84,44.97,996000.0,0.14,0.34,199200,5
1993-08-13,45.09,45.34,44.91,45.12,2382500.0,0.07,0.44,476500,5
1993-08-20,45.16,45.88,45.16,45.81,1134600.0,1.45,0.72,226920,5
1993-08-27,45.62,46.53,45.62,46.25,677000.0,1.37,0.91,135400,5
1993-09-03,46.28,46.59,46.25,46.38,1489400.0,0.2,0.34,297880,5
1993-09-10,46.38,46.44,45.59,46.41,812000.0,0.07,0.84,203000,4
1993-09-17,46.56,46.56,45.75,45.81,607600.0,-1.61,0.81,121520,5
1993-09-24,45.88,45.97,44.81,45.78,957700.0,-0.2,1.16,191540,5
1993-10-01,46.12,46.31,45.81,46.16,775900.0,0.07,0.5,155180,5
1993-10-08,46.22,46.38,45.72,46.06,1798000.0,-0.34,0.66,359600,5
1993-10-15,46.16,47.16,46.16,47.06,2243000.0,1.96,1.0,448600,5
1993-10-22,47.03,47.03,46.38,46.38,2279800.0,-1.4,0.66,455960,5
1993-10-29,46.41,46.97,46.28,46.84,629400.0,0.94,0.69,125880,5
1993-11-05,46.78,47.0,45.53,46.06,1271200.0,-1.54,1.47,254240,5
1993-11-12,46.09,46.75,45.97,46.59,858100.0,1.08,0.78,171620,5
1993-11-19,46.69,46.81,46.22,46.31,1122300.0,-0.8,0.59,224460,5
1993-11-26,46.19,46.59,45.88,46.5,1352000.0,0.68,0.72,338000,4
1993-12-03,46.62,46.72,46.25,46.72,1784700.0,0.2,0.47,356940,5
1993-12-10,46.78,46.94,46.5,46.59,1164400.0,-0.4,0.44,232880,5
1993-12-17,46.59,46.91,46.38,46.56,580600.0,-0.07,0.53,116120,5
1993-12-24,46.53,46.84,46.41,46.75,1218600.0,0.47,0.44,304650,4
1993-12-31,46.75,47.16,46.56,46.59,2127200.0,-0.33,0.59,425440,5
1994-01-07,46.59,47.06,46.41,47.03,2812600.0,0.94,0.66,562520,5
1994-01-14,47.09,47.59,46.97,47.41,1428800.0,0.66,0.62,285760,5
1994-01-21,47.41,47.53,47.25,47.38,751600.0,-0.07,0.28,150320,5
1994-01-28,47.34,48.03,47.09,47.88,1530300.0,1.12,0.94,306060,5
1994-02-04,48.06,48.31,46.97,46.97,2794300.0,-2.28,1.34,558860,5
1994-02-11,46.84,47.44,46.81,47.16,2252500.0,0.67,0.62,450500,5
1994-02-18,47.06,47.69,46.75,46.88,4060100.0,-0.4,0.94,812020,5
1994-02-25,47.0,47.44,46.56,46.81,1848300.0,-0.4,0.88,462075,4
1994-03-04,46.94,47.06,45.91,46.69,2157100.0,-0.53,1.16,431420,5
1994-03-11,46.84,47.0,46.41,46.84,4704200.0,0.0,0.59,940840,5
1994-03-18,47.03,47.31,46.72,46.97,2048500.0,-0.13,0.59,409700,5
1994-03-25,46.81,47.06,45.94,45.94,2760400.0,-1.87,1.12,552080,5
1994-04-01,46.0,46.06,43.53,44.59,3368300.0,-3.06,2.53,842075,4
1994-04-08,43.34,45.12,43.34,44.69,5231300.0,3.1,1.78,1046260,5
1994-04-15,44.81,45.06,44.25,44.59,2783800.0,-0.49,0.81,556760,5
1994-04-22,44.64,45.05,43.98,44.86,1851400.0,0.49,1.06,370280,5
1994-04-29,44.84,45.36,44.81,45.09,1562500.0,0.56,0.55,390625,4
1994-05-06,45.09,45.72,44.59,44.75,1736400.0,-0.76,1.12,347280,5
1994-05-13,44.62,44.84,44.17,44.52,1919800.0,-0.25,0.67,383960,5
1994-05-20,44.61,45.86,44.5,45.56,2646800.0,2.14,1.36,529360,5
1994-05-27,45.52,45.94,45.34,45.88,2082100.0,0.79,0.59,416420,5
1994-06-03,45.73,46.39,45.56,46.23,966000.0,1.09,0.83,241500,4
1994-06-10,46.33,46.47,45.78,46.11,515400.0,-0.47,0.69,103080,5
1994-06-17,46.05,46.56,45.81,45.88,861300.0,-0.37,0.75,172260,5
1994-06-24,45.55,45.62,44.0,44.06,1832800.0,-3.26,1.62,366560,5
1994-07-01,44.23,45.02,44.02,44.56,6744100.0,0.74,1.0,1348820,5
1994-07-08,44.66,44.98,44.47,44.91,501900.0,0.56,0.52,125475,4
1994-07-15,44.94,45.48,44.52,45.39,1457300.0,1.01,0.97,291460,5
1994-07-22,45.39,45.58,45.06,45.34,1105000.0,-0.1,0.52,221000,5
1994-07-29,45.36,46.05,45.17,45.91,1981000.0,1.21,0.88,396200,5
1994-08-05,45.94,46.38,45.66,45.78,1506000.0,-0.34,0.72,301200,5
1994-08-12,45.83,46.34,45.72,46.33,2335100.0,1.09,0.62,467020,5
1994-08-19,46.38,46.73,46.16,46.42,2272300.0,0.1,0.58,454460,5
1994-08-26,46.44,47.78,46.28,47.69,1089900.0,2.69,1.5,217980,5
1994-09-02,47.81,47.98,47.22,47.3,1136700.0,-1.08,0.77,227340,5
1994-09-09,47.27,47.56,46.81,47.0,1030900.0,-0.56,0.75,257725,4
1994-09-16,47.0,47.64,46.78,47.02,2293200.0,0.03,0.86,458640,5
1994-09-23,47.12,47.33,45.73,45.91,1363400.0,-2.59,1.59,272680,5
1994-09-30,46.08,46.53,45.98,46.17,1227600.0,0.2,0.55,245520,5
1994-10-07,46.2,46.3,45.0,45.45,1152600.0,-1.62,1.3,230520,5
1994-10-14,45.66,47.33,45.64,47.05,2474700.0,3.05,1.69,494940,5
1994-10-21,47.0,47.23,46.36,46.56,929200.0,-0.93,0.88,185840,5
1994-10-28,46.58,47.7,46.0,47.66,844800.0,2.31,1.7,168960,5
1994-11-04,47.55,47.59,46.33,46.33,798500.0,-2.56,1.27,159700,5
1994-11-11,46.44,47.33,46.28,46.41,1216100.0,-0.07,1.05,243220,5
1994-11-18,46.61,47.09,46.27,46.47,979200.0,-0.3,0.83,195840,5
1994-11-25,46.44,46.58,44.61,45.47,1445600.0,-2.09,1.97,361400,4
1994-12-02,45.45,45.95,45.05,45.56,1161700.0,0.24,0.91,232340,5
1994-12-09,45.66,45.81,44.69,45.05,1418400.0,-1.33,1.12,283680,5
1994-12-16,44.95,46.03,44.95,45.75,821500.0,1.77,1.08,164300,5
1994-12-23,45.75,46.27,45.61,46.06,2688100.0,0.68,0.66,537620,5
1994-12-30,46.22,46.41,45.56,45.56,2883000.0,-1.42,0.84,720750,4
1995-01-06,45.7,46.25,45.69,46.05,1214300.0,0.75,0.56,303575,4
1995-01-13,46.03,46.73,45.81,46.73,699900.0,1.53,0.92,139980,5
1995-01-20,46.72,47.08,46.45,46.55,496900.0,-0.37,0.62,99380,5
1995-01-27,46.23,47.23,46.2,47.11,202800.0,1.89,1.03,40560,5
1995-02-03,47.02,48.11,46.84,48.03,1071100.0,2.16,1.27,214220,5
1995-02-10,48.02,48.47,47.97,48.36,2168800.0,0.72,0.5,433760,5
1995-02-17,48.33,48.77,48.25,48.45,829800.0,0.26,0.52,165960,5
1995-02-24,48.45,49.16,48.42,49.0,1264800.0,1.13,0.73,316200,4
1995-03-03,48.86,49.03,48.48,48.78,1795600.0,-0.16,0.55,359120,5
1995-03-10,48.45,49.39,48.22,49.27,678100.0,1.68,1.17,135620,5
1995-03-17,49.23,49.81,49.17,49.56,873400.0,0.67,0.64,174680,5
1995-03-24,49.62,50.22,49.33,50.22,625500.0,1.2,0.89,125100,5
1995-03-31,50.3,50.89,49.55,50.11,1339800.0,-0.37,1.34,267960,5
1995-04-07,50.09,50.86,50.06,50.7,1081300.0,1.22,0.8,216260,5
1995-04-14,50.62,51.09,50.59,51.08,930000.0,0.9,0.5,232500,4
1995-04-21,51.27,51.31,50.3,50.89,1084300.0,-0.73,1.02,216860,5
1995-04-28,50.86,51.67,50.86,51.59,1299600.0,1.44,0.81,259920,5
1995-05-05,51.55,52.69,51.39,52.19,2098100.0,1.24,1.3,419620,5
1995-05-12,52.14,52.88,52.09,52.75,1140300.0,1.17,0.78,228060,5
1995-05-19,52.89,53.16,51.91,52.09,1499700.0,-1.51,1.25,299940,5
1995-05-26,52.27,53.42,52.23,52.56,1622100.0,0.57,1.19,324420,5
1995-06-02,52.69,53.92,52.38,53.55,1549000.0,1.63,1.55,387250,4
1995-06-09,53.55,54.05,52.75,53.06,910900.0,-0.9,1.3,182180,5
1995-06-16,53.23,54.23,53.2,53.97,1487500.0,1.38,1.03,297500,5
1995-06-23,54.12,55.16,54.09,55.02,1193000.0,1.65,1.06,238600,5
1995-06-30,54.86,54.95,54.06,54.41,1276500.0,-0.83,0.89,255300,5
1995-07-07,54.47,55.78,54.47,55.77,1103000.0,2.38,1.31,275750,4
1995-07-14,55.81,56.31,55.45,56.05,1783600.0,0.42,0.86,356720,5
1995-07-21,56.12,56.42,54.2,55.41,1292200.0,-1.28,2.22,258440,5
1995-07-28,55.48,56.7,55.48,56.3,986900.0,1.46,1.22,197380,5
1995-08-04,56.34,56.8,55.45,55.98,2158000.0,-0.64,1.34,431600,5
1995-08-11,56.11,56.31,55.42,55.66,1790100.0,-0.81,0.89,358020,5
1995-08-18,55.8,56.41,55.66,56.17,1113300.0,0.67,0.75,222660,5
1995-08-25,56.41,56.64,55.75,56.3,1025800.0,-0.19,0.89,205160,5
1995-09-01,56.45,56.75,55.77,56.66,2985300.0,0.36,0.98,597060,5
1995-09-08,56.83,57.55,56.73,57.55,852800.0,1.26,0.81,213200,4
1995-09-15,57.64,58.81,57.58,58.44,1528800.0,1.38,1.23,305760,5
1995-09-22,58.23,58.78,57.78,58.31,2106300.0,0.13,1.0,421260,5
1995-09-29,58.38,58.91,57.59,58.48,2313800.0,0.19,1.31,462760,5
1995-10-06,58.48,58.62,57.95,58.41,1725700.0,-0.13,0.67,345140,5
1995-10-13,58.19,58.86,57.27,58.62,1635000.0,0.75,1.59,327000,5
1995-10-20,58.45,59.19,58.3,58.83,2066700.0,0.64,0.89,413340,5
1995-10-27,58.55,58.89,57.28,58.19,2520500.0,-0.61,1.61,504100,5
1995-11-03,58.33,59.25,58.23,59.23,2353600.0,1.55,1.02,470720,5
1995-11-10,59.22,59.61,58.62,59.53,2325900.0,0.53,0.98,465180,5
1995-11-17,59.42,60.2,59.08,60.19,2589700.0,1.29,1.12,517940,5
1995-11-24,60.28,60.38,59.86,60.33,982000.0,0.08,0.52,245500,4
1995-12-01,60.45,61.2,60.16,60.98,2052600.0,0.88,1.05,410520,5
1995-12-08,61.12,62.53,61.05,62.16,2058800.0,1.69,1.48,411760,5
1995-12-15,62.28,62.8,61.59,61.81,1688300.0,-0.75,1.2,337660,5
1995-12-22,61.27,61.52,60.58,61.2,4425100.0,-0.1,0.94,885020,5
1995-12-29,61.45,61.66,61.25,61.48,1179400.0,0.05,0.41,294850,4
1996-01-05,61.41,62.62,61.17,61.59,2556800.0,0.31,1.45,639200,4
1996-01-12,61.81,62.06,59.64,60.23,2286700.0,-2.55,2.42,457340,5
1996-01-19,60.25,61.42,59.86,61.27,1611800.0,1.69,1.56,322360,5
1996-01-26,61.22,62.27,61.11,62.23,3181600.0,1.66,1.16,636320,5
1996-02-02,62.19,64.02,62.14,63.64,1895000.0,2.34,1.88,379000,5
1996-02-09,63.53,66.38,63.44,65.83,3513200.0,3.62,2.94,702640,5
1996-02-16,65.95,66.69,64.73,64.94,3599400.0,-1.54,1.95,719880,5
1996-02-23,64.44,66.61,63.88,65.94,3078100.0,2.33,2.73,769525,4
1996-03-01,65.75,65.89,63.61,64.89,5242200.0,-1.31,2.28,1048440,5
1996-03-08,65.03,65.97,62.0,63.5,4503400.0,-2.35,3.97,900680,5
1996-03-15,63.25,64.81,62.91,64.12,5510800.0,1.38,1.91,1102160,5
1996-03-22,64.72,65.94,64.58,65.16,3515500.0,0.68,1.36,703100,5
1996-03-29,65.75,65.81,64.38,64.69,4040400.0,-1.62,1.44,808080,5
1996-04-05,65.0,65.72,64.8,65.52,2635100.0,0.79,0.92,658775,4
1996-04-12,63.88,64.64,62.12,63.72,6024900.0,-0.24,2.52,1204980,5
1996-04-19,64.05,64.86,63.84,64.53,3142900.0,0.76,1.02,628580,5
1996-04-26,65.12,65.81,64.59,65.44,2792100.0,0.48,1.22,558420,5
1996-05-03,65.16,65.8,63.75,64.31,3595100.0,-1.29,2.05,719020,5
1996-05-10,64.56,65.59,63.08,65.38,4442800.0,1.26,2.52,888560,5
1996-05-17,65.53,67.31,65.47,67.19,2908000.0,2.53,1.84,581600,5
1996-05-24,67.66,68.44,66.98,68.17,3986300.0,0.76,1.45,797260,5
1996-05-31,68.38,68.38,66.75,66.88,2925300.0,-2.19,1.62,731325,4
1996-06-07,66.89,68.5,66.19,67.62,3504300.0,1.1,2.31,700860,5
1996-06-14,67.53,68.03,66.72,66.94,5328300.0,-0.88,1.31,1065660,5
1996-06-21,66.97,67.22,66.19,66.81,4178800.0,-0.23,1.03,835760,5
1996-06-28,66.97,67.5,66.16,67.11,3860400.0,0.21,1.34,772080,5
1996-07-05,67.28,67.7,65.38,65.58,2011900.0,-2.53,2.33,502975,4
1996-07-12,65.62,65.98,63.88,64.56,5690000.0,-1.62,2.11,1138000,5
1996-07-19,64.72,64.72,60.38,63.97,10081300.0,-1.16,4.34,2016260,5
1996-07-26,63.53,63.94,61.62,63.72,7095100.0,0.3,2.31,1419020,5
1996-08-02,63.62,66.59,62.94,66.56,6200300.0,4.62,3.66,1240060,5
1996-08-09,66.58,66.77,65.8,66.22,3841900.0,-0.54,0.97,768380,5
1996-08-16,66.25,66.88,66.0,66.84,3210900.0,0.9,0.88,642180,5
1996-08-23,66.86,67.34,66.38,66.86,2690400.0,0.0,0.97,538080,5
1996-08-30,66.7,67.0,65.12,65.33,3582800.0,-2.06,1.88,716560,5
1996-09-06,64.47,66.75,64.38,65.94,4133700.0,2.28,2.38,1033425,4
1996-09-13,66.19,68.62,66.08,68.56,4824700.0,3.59,2.55,964940,5
1996-09-20,68.66,69.16,68.22,68.64,3408800.0,-0.02,0.94,681760,5
1996-09-27,68.47,69.25,68.16,68.69,4270700.0,0.32,1.09,854140,5
1996-10-04,68.78,70.34,68.44,70.34,2844900.0,2.27,1.91,568980,5
1996-10-11,70.31,70.69,69.38,70.31,3043600.0,0.0,1.31,608720,5
1996-10-18,70.31,71.31,69.94,71.22,3056900.0,1.29,1.38,611380,5
1996-10-25,71.28,71.62,70.12,70.31,3411600.0,-1.36,1.5,682320,5
1996-11-01,70.38,71.16,69.7,70.59,3834300.0,0.31,1.45,766860,5
1996-11-08,70.69,73.44,70.53,73.42,6839400.0,3.87,2.91,1367880,5
1996-11-15,73.25,74.5,73.02,74.03,4667400.0,1.07,1.48,933480,5
1996-11-22,74.17,75.25,73.73,75.17,4895600.0,1.35,1.52,979120,5
1996-11-29,75.25,76.69,75.08,76.02,6866000.0,1.02,1.61,1716500,4
1996-12-06,75.92,76.58,72.66,74.31,10593000.0,-2.12,3.92,2118600,5
1996-12-13,74.69,75.67,72.41,73.31,9262600.0,-1.84,3.27,1852520,5
1996-12-20,73.5,75.72,71.88,74.84,9333600.0,1.83,3.84,1866720,5
1996-12-27,75.09,76.03,74.33,75.88,3691400.0,1.04,1.7,922850,4
1997-01-03,76.12,76.12,72.75,75.09,6227300.0,-1.35,3.38,1556825,4
1997-01-10,75.09,76.25,74.12,76.12,7900500.0,1.37,2.12,1580100,5
1997-01-17,76.5,77.75,75.64,77.56,7972100.0,1.39,2.11,1594420,5
1997-01-24,77.75,79.69,76.75,76.75,10654400.0,-1.29,2.94,2130880,5
1997-01-31,76.88,79.41,76.0,78.41,12941600.0,1.99,3.41,2588320,5
1997-02-07,78.72,79.47,77.12,79.22,8468600.0,0.64,2.34,1693720,5
1997-02-14,79.25,81.56,78.12,81.19,8227400.0,2.44,3.44,1645480,5
1997-02-21,81.34,82.0,80.14,80.38,4519500.0,-1.19,1.86,1129875,4
1997-02-28,79.97,81.53,79.06,79.16,8813300.0,-1.02,2.47,1762660,5
1997-03-07,78.75,81.16,78.69,80.84,7331700.0,2.66,2.47,1466340,5
1997-03-14,80.94,81.8,79.06,79.69,6911900.0,-1.54,2.73,1382380,5
1997-03-21,79.25,80.11,77.88,78.44,10494800.0,-1.03,2.23,2098960,5
1997-03-28,78.5,79.97,76.16,77.0,8505200.0,-1.91,3.81,2126300,4
1997-04-04,76.91,77.12,74.16,75.84,16145200.0,-1.38,2.97,3229040,5
1997-04-11,76.19,77.05,73.38,73.38,13090200.0,-3.69,3.67,2618040,5
1997-04-18,73.73,77.0,73.31,76.56,12110300.0,3.84,3.69,2422060,5
1997-04-25,76.75,78.28,75.47,76.53,12368200.0,-0.29,2.81,2473640,5
1997-05-02,76.5,81.67,76.38,81.44,11833900.0,6.45,5.3,2366780,5
1997-05-09,81.66,83.56,81.19,82.62,13166400.0,1.19,2.38,2633280,5
1997-05-16,82.94,84.59,82.88,83.22,9143300.0,0.34,1.72,1828660,5
1997-05-23,83.31,85.22,82.75,84.78,5892200.0,1.76,2.47,1178440,5
1997-05-30,84.38,85.56,83.12,85.16,5673700.0,0.93,2.44,1418425,4
1997-06-06,85.34,86.44,84.08,86.38,6796200.0,1.21,2.36,1359240,5
1997-06-13,86.44,90.0,86.34,89.72,11120900.0,3.8,3.66,2224180,5
1997-06-20,89.75,90.5,88.94,89.58,8247200.0,-0.19,1.56,1649440,5
1997-06-27,89.41,90.25,87.34,88.91,18783300.0,-0.56,2.91,3756660,5
1997-07-04,88.91,92.16,87.88,92.06,8634800.0,3.55,4.28,2158700,4
1997-07-11,92.38,92.5,90.03,91.78,14276500.0,-0.64,2.47,2855300,5
1997-07-18,91.89,94.09,91.06,91.3,14547500.0,-0.65,3.03,2909500,5
1997-07-25,91.28,94.81,90.69,94.03,17775500.0,3.01,4.12,3555100,5
1997-08-01,94.25,96.03,93.42,94.94,19588000.0,0.73,2.61,3917600,5
1997-08-08,94.78,96.62,92.41,93.38,17039400.0,-1.48,4.22,3407880,5
1997-08-15,93.75,94.55,89.62,89.78,27840500.0,-4.23,4.92,5568100,5
1997-08-22,90.38,94.31,89.34,92.56,26486700.0,2.42,4.97,5297340,5
1997-08-29,92.78,93.41,89.72,90.38,20602500.0,-2.59,3.69,4120500,5
1997-09-05,90.69,94.44,90.59,93.14,16243500.0,2.71,3.84,4060875,4
1997-09-12,93.72,94.28,90.25,92.66,20076300.0,-1.13,4.03,4015260,5
1997-09-19,92.66,96.38,92.19,95.03,17871300.0,2.56,4.19,3574260,5
1997-09-26,95.5,96.2,93.62,94.47,18248500.0,-1.08,2.58,3649700,5
1997-10-03,94.5,97.75,94.16,96.64,18847500.0,2.27,3.59,3769500,5
1997-10-10,97.31,98.5,96.22,96.88,15010000.0,-0.45,2.28,3002000,5
1997-10-17,97.34,97.55,93.0,94.28,24237100.0,-3.15,4.55,4847420,5
1997-10-24,94.84,97.5,93.67,94.0,28179800.0,-0.89,3.83,5635960,5
1997-10-31,93.02,93.94,84.38,92.06,57368700.0,-1.02,9.56,11473740,5
1997-11-07,93.19,95.28,91.44,92.94,28065700.0,-0.27,3.84,5613140,5
1997-11-14,93.62,93.84,90.09,93.06,28753100.0,-0.6,3.75,5750620,5
1997-11-21,94.38,96.81,92.75,96.75,23230600.0,2.52,4.06,4646120,5
1997-11-28,96.0,96.34,94.62,95.62,13108000.0,-0.39,1.72,3277000,4
1997-12-05,96.22,99.0,96.03,98.94,16459600.0,2.83,2.97,3291920,5
1997-12-12,98.97,99.0,94.91,95.75,17101800.0,-3.25,4.09,3420360,5
1997-12-19,96.25,97.88,92.38,94.78,23011100.0,-1.53,5.5,4602220,5
1997-12-26,95.44,95.91,93.25,93.78,12534300.0,-1.74,2.66,3133575,4
1998-01-02,94.59,97.66,94.44,97.56,12416400.0,3.14,3.22,3104100,4
1998-01-09,97.84,98.44,91.91,92.31,25860700.0,-5.65,6.53,5172140,5
1998-01-16,91.12,96.69,90.91,96.31,28343400.0,5.69,5.78,5668680,5
1998-01-23,96.69,98.02,95.0,95.94,20684800.0,-0.78,3.02,5171200,4
1998-01-30,96.38,99.56,95.41,98.31,27332500.0,2.01,4.16,5466500,5
1998-02-06,99.91,101.62,99.72,101.62,22667300.0,1.72,1.91,4533460,5
1998-02-13,101.72,102.94,100.72,102.0,17181800.0,0.28,2.22,3436360,5
1998-02-20,102.81,103.72,102.16,103.66,13157700.0,0.82,1.56,3289425,4
1998-02-27,104.25,105.53,102.94,105.12,16726900.0,0.84,2.59,3345380,5
1998-03-06,105.25,105.94,103.16,105.94,26169900.0,0.65,2.78,5233980,5
1998-03-13,105.53,108.0,105.25,107.09,18355000.0,1.48,2.75,3671000,5
1998-03-20,107.84,110.19,107.53,109.88,15427700.0,1.88,2.66,3085540,5
1998-03-27,109.72,111.53,109.0,109.62,18329100.0,-0.09,2.53,3665820,5
1998-04-03,109.62,112.81,108.97,112.59,19672700.0,2.71,3.84,3934540,5
1998-04-10,113.25,113.38,109.75,111.19,19470200.0,-1.82,3.62,4867550,4
1998-04-17,111.38,112.44,110.0,112.28,24363200.0,0.81,2.44,4872640,5
1998-04-24,112.0,113.44,110.34,110.81,26749300.0,-1.06,3.09,5349860,5
1998-05-01,109.38,112.59,107.62,112.59,41418000.0,2.94,4.97,8283600,5
1998-05-08,112.72,113.31,109.34,111.12,30101100.0,-1.41,3.97,6020220,5
1998-05-15,111.56,112.69,110.34,111.03,27726600.0,-0.48,2.34,5545320,5
1998-05-22,110.72,112.78,109.83,111.25,27646200.0,0.48,2.95,5529240,5
1998-05-29,112.09,112.09,107.58,109.03,26782100.0,-2.73,4.52,6695525,4
1998-06-05,108.97,112.0,107.88,112.0,34267900.0,2.78,4.12,6853580,5
1998-06-12,111.94,113.06,108.25,110.44,30907700.0,-1.34,4.81,6181540,5
1998-06-19,108.81,111.78,107.5,110.06,37157100.0,1.15,4.28,7431420,5
1998-06-26,110.25,114.44,110.06,113.69,29422700.0,3.12,4.38,5884540,5
1998-07-03,114.25,114.94,113.06,114.84,17231600.0,0.52,1.88,4307900,4
1998-07-10,114.78,116.94,114.56,116.47,29732300.0,1.47,2.38,5946460,5
1998-07-17,116.56,119.0,116.06,118.56,28371300.0,1.72,2.94,5674260,5
1998-07-24,118.75,119.23,112.88,114.09,44925700.0,-3.92,6.36,8985140,5
1998-07-31,113.62,115.0,111.31,111.78,45257500.0,-1.62,3.69,9051500,5
1998-08-07,111.78,112.42,105.59,109.12,72464700.0,-2.38,6.83,14492940,5
1998-08-14,108.75,109.66,105.5,106.12,49420900.0,-2.41,4.16,9884180,5
1998-08-21,106.0,111.09,105.5,108.56,49240700.0,2.42,5.59,9848140,5
1998-08-28,109.25,111.25,102.16,103.38,74853400.0,-5.38,9.09,14970680,5
1998-09-04,103.75,104.02,93.62,97.75,96249900.0,-5.78,10.39,19249980,5
1998-09-11,100.88,103.12,96.81,101.69,67125300.0,0.81,6.31,16781325,4
1998-09-18,102.88,105.25,101.09,102.09,50014000.0,-0.76,4.16,10002800,5
1998-09-25,99.62,107.0,98.94,104.25,51170100.0,4.64,8.06,10234020,5
1998-10-02,105.31,106.31,97.22,100.72,55061700.0,-4.36,9.09,11012340,5
1998-10-09,99.59,101.28,92.22,98.53,73110200.0,-1.07,9.06,14622040,5
1998-10-16,100.62,107.25,98.75,106.0,61057200.0,5.34,8.5,12211440,5
1998-10-23,105.69,108.8,105.5,106.84,46220600.0,1.09,3.3,9244120,5
1998-10-30,107.72,110.91,106.03,110.0,41077300.0,2.12,4.88,8215460,5
1998-11-06,110.81,114.56,110.19,114.12,33667300.0,2.99,4.38,6733460,5
1998-11-13,113.94,114.25,111.69,113.22,42108300.0,-0.63,2.56,8421660,5
1998-11-20,114.22,116.75,112.89,116.62,30461600.0,2.11,3.86,6092320,5
1998-11-27,117.47,119.72,117.16,119.5,21426400.0,1.73,2.56,5356600,4
1998-12-04,119.02,119.38,115.09,118.38,47636300.0,-0.54,4.28,9527260,5
1998-12-11,118.06,119.75,115.56,117.12,33885300.0,-0.79,4.19,6777060,5
1998-12-18,116.16,119.12,113.75,118.5,38130000.0,2.02,5.38,7626000,5
1998-12-25,119.25,123.25,119.0,122.69,23339900.0,2.88,4.25,5834975,4
1999-01-01,123.25,124.75,122.0,123.31,21740600.0,0.05,2.75,5435150,4
1999-01-08,123.38,128.5,121.72,127.75,36948400.0,3.55,6.78,7389680,5
1999-01-15,127.69,127.69,120.38,124.38,45376100.0,-2.59,7.31,9075220,5
1999-01-22,125.3,127.94,121.78,122.56,27529300.0,-2.18,6.16,6882325,4
1999-01-29,123.28,128.3,121.91,127.66,31565200.0,3.55,6.39,6313040,5
1999-02-05,128.69,128.69,123.22,124.06,44189200.0,-3.59,5.47,8837840,5
1999-02-12,125.09,126.09,121.33,123.62,44309200.0,-1.17,4.77,8861840,5
1999-02-19,124.75,125.75,122.22,124.25,29134700.0,-0.4,3.53,7283675,4
1999-02-26,124.44,128.84,122.69,123.56,46991800.0,-0.7,6.16,9398360,5
1999-03-05,123.66,128.12,121.78,127.55,44099600.0,3.15,6.34,8819920,5
1999-03-12,128.28,131.19,127.25,129.38,28515800.0,0.85,3.94,5703160,5
1999-03-19,129.94,132.62,129.5,129.69,23499000.0,-0.19,3.12,4699800,5
1999-03-26,130.06,130.59,125.62,128.56,33397800.0,-1.15,4.97,6679560,5
1999-04-02,129.16,131.61,128.12,129.34,26362500.0,0.15,3.48,6590625,4
1999-04-09,130.94,135.5,130.25,134.88,27695900.0,3.01,5.25,5539180,5
1999-04-16,133.47,136.47,131.0,131.53,47462500.0,-1.45,5.47,9492500,5
1999-04-23,132.69,136.75,128.38,135.81,38799500.0,2.36,8.38,7759900,5
1999-04-30,136.5,137.5,131.5,133.25,35114200.0,-2.38,6.0,7022840,5
1999-05-07,133.44,135.84,131.84,135.0,53439200.0,1.17,4.0,10687840,5
1999-05-14,134.84,138.0,131.5,133.78,39302300.0,-0.79,6.5,7860460,5
1999-05-21,133.62,135.59,132.38,133.34,30627700.0,-0.21,3.22,6125540,5
1999-05-28,133.84,133.84,128.0,130.2,59197700.0,-2.72,5.84,11839540,5
1999-06-04,130.12,133.36,128.02,133.22,29551000.0,2.38,5.34,7387750,4
1999-06-11,133.44,134.19,129.09,129.81,37470000.0,-2.72,5.09,7494000,5
1999-06-18,130.69,135.56,129.55,134.31,31428100.0,2.77,6.02,6285620,5
1999-06-25,134.47,135.25,130.66,131.7,33401900.0,-2.06,4.59,6680380,5
1999-07-02,132.69,139.5,132.5,139.41,42553500.0,5.06,7.0,8510700,5
1999-07-09,139.25,140.75,138.52,140.5,24530100.0,0.9,2.23,6132525,4
1999-07-16,140.94,142.16,138.66,141.81,20926500.0,0.62,3.5,4185300,5
1999-07-23,142.19,142.25,135.12,135.75,28547900.0,-4.53,7.12,5709580,5
1999-07-30,134.88,137.31,132.56,132.75,27952300.0,-1.58,4.75,5590460,5
1999-08-06,132.75,134.75,128.84,130.38,35868500.0,-1.79,5.91,7173700,5
1999-08-13,130.59,133.25,127.0,133.16,36257100.0,1.96,6.25,7251420,5
1999-08-20,133.12,134.84,131.69,133.91,23202300.0,0.59,3.16,4640460,5
1999-08-27,134.81,138.78,134.66,135.06,31492300.0,0.19,4.12,6298460,5
1999-09-03,135.34,136.5,130.66,135.97,43026700.0,0.46,5.84,8605340,5
1999-09-10,136.06,136.62,133.69,135.88,19832700.0,-0.14,2.94,4958175,4
1999-09-17,135.12,135.47,130.31,133.75,36960900.0,-1.02,5.16,7392180,5
1999-09-24,133.94,134.0,126.31,127.75,51145200.0,-4.62,7.69,10229040,5
1999-10-01,128.75,129.75,125.56,128.47,44240000.0,-0.22,4.19,8848000,5
1999-10-08,129.19,133.88,128.69,133.88,44835700.0,3.63,5.19,8967140,5
1999-10-15,133.59,134.12,124.5,124.88,48238300.0,-6.53,9.62,9647660,5
1999-10-22,124.94,131.22,123.44,130.09,51326100.0,4.13,7.78,10265220,5
1999-10-29,129.31,137.69,127.81,137.0,41302200.0,5.94,9.88,8260440,5
1999-11-05,136.5,139.11,134.59,137.88,33084700.0,1.01,4.52,6616940,5
1999-11-12,137.0,139.98,136.08,139.75,32185500.0,2.01,3.91,6437100,5
1999-11-19,139.84,143.0,139.41,142.5,28514400.0,1.9,3.59,5702880,5
1999-11-26,142.44,143.0,140.0,141.44,16227000.0,-0.7,3.0,4056750,4
1999-12-03,140.88,145.34,139.0,143.84,38754500.0,2.11,6.34,7750900,5
1999-12-10,143.53,143.72,139.38,141.88,30066500.0,-1.15,4.34,6013300,5
1999-12-17,141.44,143.31,140.03,142.69,27459200.0,0.88,3.28,5491840,5
1999-12-24,142.56,146.48,141.09,146.48,23689200.0,2.75,5.39,5922300,4
1999-12-31,146.5,147.56,145.06,146.88,16590500.0,0.26,2.5,3318100,5
2000-01-07,148.25,148.25,137.25,145.75,42725700.0,-1.69,11.0,8545140,5
2000-01-14,146.25,147.47,142.88,146.97,32748700.0,0.49,4.59,6549740,5
2000-01-21,145.34,147.0,143.81,144.44,24691300.0,-0.62,3.19,6172825,4
2000-01-28,145.66,145.84,135.53,135.88,45836400.0,-6.72,10.31,9167280,5
2000-02-04,135.81,144.0,135.0,142.59,38317400.0,4.99,9.0,7663480,5
2000-02-11,142.56,144.56,138.03,138.69,35834100.0,-2.72,6.53,7166820,5
2000-02-18,139.78,141.22,134.62,135.31,45445900.0,-3.2,6.59,9089180,5
2000-02-25,135.19,137.47,133.09,133.33,56469300.0,-1.38,4.38,14117325,4
2000-03-03,133.38,141.72,132.72,141.12,48878800.0,5.81,9.0,9775760,5
2000-03-10,140.81,142.0,135.03,140.12,57263100.0,-0.49,6.97,11452620,5
2000-03-17,136.69,148.0,135.69,146.94,64979500.0,7.5,12.31,12995900,5
2000-03-24,146.88,155.75,144.5,153.56,57492300.0,4.55,11.25,11498460,5
2000-03-31,153.38,153.78,147.12,150.38,40621500.0,-1.96,6.66,8124300,5
2000-04-07,150.12,153.0,141.39,151.44,48883000.0,0.87,11.61,9776600,5
2000-04-14,151.75,153.11,133.5,136.0,71239600.0,-10.38,19.61,14247920,5
2000-04-21,135.19,145.12,134.69,143.81,50078700.0,6.38,10.44,12519675,4
2000-04-28,141.5,148.75,140.5,145.09,59044900.0,2.54,8.25,11808980,5
2000-05-05,146.56,148.48,139.78,143.53,43196900.0,-2.07,8.7,8639380,5
2000-05-12,142.75,143.47,137.75,142.81,34030200.0,0.04,5.72,6806040,5
2000-05-19,142.75,147.72,140.41,141.12,29384700.0,-1.14,7.31,5876940,5
2000-05-26,141.25,141.81,136.5,138.0,42993000.0,-2.3,5.31,8598600,5
2000-06-02,140.0,149.09,139.47,147.84,29343000.0,5.6,9.62,7335750,4
2000-06-09,147.47,148.22,145.62,146.59,25584900.0,-0.59,2.59,5116980,5
2000-06-16,146.97,148.88,144.62,146.59,28107200.0,-0.26,4.25,5621440,5
2000-06-23,146.47,149.16,143.88,144.38,27055700.0,-1.43,5.28,5411140,5
2000-06-30,145.38,146.98,143.52,145.28,28474400.0,-0.06,3.47,5694880,5
2000-07-07,145.44,148.78,144.22,148.09,13182800.0,1.83,4.56,3295700,4
2000-07-14,147.88,151.25,147.16,151.25,24828600.0,2.28,4.09,4965720,5
2000-07-21,150.98,151.98,147.69,147.69,27173000.0,-2.18,4.3,5434600,5
2000-07-28,148.12,148.86,141.52,142.09,36330200.0,-4.07,7.34,7266040,5
2000-08-04,142.94,146.72,142.06,146.38,24945600.0,2.4,4.66,4989120,5
2000-08-11,146.72,149.22,145.56,147.41,22485100.0,0.47,3.66,4497020,5
2000-08-18,147.78,150.44,147.06,149.69,24001500.0,1.29,3.38,4800300,5
2000-08-25,150.03,151.62,149.28,151.25,18290300.0,0.81,2.34,3658060,5
2000-09-01,151.25,153.59,150.34,152.5,21099700.0,0.83,3.25,4219940,5
2000-09-08,151.88,152.2,149.33,149.81,15576700.0,-1.36,2.88,3894175,4
2000-09-15,149.75,151.19,146.0,146.0,23881000.0,-2.5,5.19,4776200,5
2000-09-22,146.38,146.97,142.42,145.28,31969200.0,-0.75,4.55,6393840,5
2000-09-29,145.94,146.33,142.12,143.62,38584900.0,-1.58,4.2,7716980,5
2000-10-06,144.28,145.75,139.75,141.06,35595700.0,-2.23,6.0,7119140,5
2000-10-13,141.31,141.31,132.78,137.56,45074400.0,-2.65,8.53,9014880,5
2000-10-20,137.41,141.19,130.16,139.91,40528800.0,1.82,11.03,8105760,5
2000-10-27,139.94,141.94,134.03,139.28,39287000.0,-0.47,7.91,7857400,5
2000-11-03,138.44,143.91,138.16,142.78,41242300.0,3.14,5.75,8248460,5
2000-11-10,143.16,144.3,136.53,136.62,34601900.0,-4.56,7.77,6920380,5
2000-11-17,135.62,140.11,133.02,136.64,47027100.0,0.75,7.09,9405420,5
2000-11-24,135.75,136.38,132.12,134.84,22291300.0,-0.67,4.25,5572825,4
2000-12-01,136.47,136.69,129.75,132.22,37031000.0,-3.11,6.94,7406200,5
2000-12-08,131.88,139.47,131.5,133.97,45573400.0,1.59,7.97,9114680,5
2000-12-15,137.38,139.56,130.56,130.97,34242700.0,-4.66,9.0,6848540,5
2000-12-22,132.06,134.97,125.53,130.94,51360700.0,-0.85,9.44,10272140,5
2000-12-29,130.84,134.28,130.28,131.19,26652700.0,0.26,4.0,6663175,4
2001-01-05,132.0,136.0,127.56,129.19,50299500.0,-2.13,8.44,12574875,4
2001-01-12,129.88,133.72,127.69,132.0,35562900.0,1.64,6.03,7112580,5
2001-01-19,132.0,136.19,131.52,134.02,32283100.0,1.53,4.67,8070775,4
2001-01-26,134.25,137.31,133.56,135.88,39669000.0,1.21,3.75,7933800,5
2001-02-02,135.5,138.7,134.75,134.8,39997600.0,-0.52,3.95,7999520,5
2001-02-09,134.8,136.7,131.26,131.84,33064600.0,-2.2,5.44,6612920,5
2001-02-16,131.7,134.17,129.3,130.4,33156800.0,-0.99,4.87,6631360,5
2001-02-23,131.04,131.14,121.8,124.96,58125400.0,-4.64,9.34,14531350,4
2001-03-02,125.8,127.84,121.75,123.61,64980800.0,-1.74,6.09,12996160,5
2001-03-09,124.15,127.75,123.11,123.36,34657200.0,-0.64,4.64,6931440,5
2001-03-16,122.34,122.5,114.81,115.01,115629200.0,-5.99,7.69,23125840,5
2001-03-23,115.76,118.46,108.04,114.48,85642800.0,-1.11,10.42,17128560,5
2001-03-30,115.7,118.65,112.14,116.69,55021700.0,0.86,6.51,11004340,5
2001-04-06,116.3,117.38,109.3,113.3,74741900.0,-2.58,8.08,14948380,5
2001-04-13,114.0,118.99,112.78,118.85,48863400.0,4.25,6.21,12215850,4
2001-04-20,118.29,126.0,116.91,124.5,72192900.0,5.25,9.09,14438580,5
2001-04-27,123.65,125.84,120.95,125.78,45274600.0,1.72,4.89,9054920,5
2001-05-04,126.45,127.69,123.44,127.34,52989300.0,0.7,4.25,10597860,5
2001-05-11,126.86,127.5,124.4,125.15,38252000.0,-1.35,3.1,7650400,5
2001-05-18,124.9,130.08,124.46,129.74,51112900.0,3.88,5.62,10222580,5
2001-05-25,129.84,132.09,127.9,128.1,47532800.0,-1.34,4.19,9506560,5
2001-06-01,128.22,128.35,125.0,126.73,37768200.0,-1.16,3.35,9442050,4
2001-06-08,126.8,129.23,126.08,127.0,42329700.0,0.16,3.15,8465940,5
2001-06-15,126.71,126.99,120.4,121.85,53430100.0,-3.84,6.59,10686020,5
2001-06-22,121.65,124.31,120.89,122.85,52358900.0,0.99,3.42,10471780,5
2001-06-29,123.28,124.01,120.57,122.6,46611200.0,-0.55,3.44,9322240,5
2001-07-06,122.8,124.32,119.05,119.05,29009100.0,-3.05,5.27,7252275,4
2001-07-13,119.49,122.32,117.09,122.24,54735200.0,2.3,5.23,10947040,5
2001-07-20,121.77,122.98,119.83,121.34,38883100.0,-0.35,3.15,7776620,5
2001-07-27,121.8,121.88,116.75,120.81,53799700.0,-0.81,5.13,10759940,5
2001-08-03,121.19,123.25,120.3,121.94,54293000.0,0.62,2.95,10858600,5
2001-08-10,121.35,121.51,117.34,119.29,57890800.0,-1.7,4.17,11578160,5
2001-08-17,119.6,120.35,116.01,116.75,51469600.0,-2.38,4.34,10293920,5
2001-08-24,116.8,119.13,115.78,119.02,57082300.0,1.9,3.35,11416460,5
2001-08-31,118.97,119.2,112.04,114.15,69329700.0,-4.05,7.16,13865940,5
2001-09-07,113.85,116.17,108.63,108.72,100737400.0,-4.51,7.54,25184350,4
2001-09-14,107.7,110.35,107.7,110.05,23408700.0,2.18,2.65,23408700,1
2001-09-21,101.0,106.4,93.8,97.28,183182700.0,-3.68,12.6,36636540,5
2001-09-28,99.72,109.62,99.06,104.44,111827300.0,4.73,10.56,22365460,5
2001-10-05,103.9,108.97,102.83,107.23,134806500.0,3.21,6.14,26961300,5
2001-10-12,106.27,110.3,105.52,109.5,103300800.0,3.04,4.78,20660160,5
2001-10-19,108.63,111.15,106.01,107.35,99714900.0,-1.18,5.14,19942980,5
2001-10-26,107.3,111.79,106.74,110.32,101759500.0,2.81,5.05,20351900,5
2001-11-02,110.16,110.55,105.56,109.25,120413000.0,-0.83,4.99,24082600,5
2001-11-09,110.12,114.08,109.85,112.72,97350600.0,2.36,4.23,19470120,5
2001-11-16,111.0,115.4,110.0,114.36,96541400.0,3.03,5.4,19308280,5
2001-11-23,114.92,115.85,113.51,115.68,48022400.0,0.66,2.34,12005600,4
2001-11-30,115.75,116.9,113.0,114.05,83217900.0,-1.47,3.9,16643580,5
2001-12-07,113.65,118.0,113.01,116.56,94495000.0,2.56,4.99,18899000,5
2001-12-14,115.85,116.39,112.0,113.13,86616100.0,-2.35,4.39,17323220,5
2001-12-21,112.99,115.92,112.9,114.95,76638600.0,1.73,3.02,15327720,5
2001-12-28,114.83,116.75,114.61,116.0,36034700.0,1.02,2.14,9008675,4
2002-01-04,116.15,117.98,113.81,117.62,69155100.0,1.27,4.17,17288775,4
2002-01-11,117.7,117.99,114.7,114.94,68932300.0,-2.34,3.29,13786460,5
2002-01-18,114.65,115.39,112.67,113.15,83899400.0,-1.31,2.72,16779880,5
2002-01-25,113.75,114.25,112.02,113.55,49081700.0,-0.18,2.23,12270425,4
2002-02-01,113.9,114.19,108.4,112.65,108769500.0,-1.1,5.79,21753900,5
2002-02-08,112.23,112.23,108.0,110.09,130066600.0,-1.91,4.23,26013320,5
2002-02-15,110.05,112.97,109.82,110.89,88336600.0,0.76,3.15,17667320,5
2002-02-22,110.15,110.63,107.82,109.64,98092400.0,-0.46,2.81,24523100,4
2002-03-01,109.74,113.85,109.7,113.74,118432100.0,3.64,4.15,23686420,5
2002-03-08,113.9,117.9,113.65,116.99,109307600.0,2.71,4.25,21861520,5
2002-03-15,116.89,117.9,115.63,116.65,82338900.0,-0.21,2.27,16467780,5
2002-03-22,117.1,117.74,114.12,115.04,93657600.0,-1.76,3.62,18731520,5
2002-03-29,115.09,115.77,113.3,114.52,74000400.0,-0.5,2.47,18500100,4
2002-04-05,114.23,115.1,112.16,112.69,101992900.0,-1.35,2.94,20398580,5
2002-04-12,111.32,113.54,110.04,111.42,89196400.0,0.09,3.5,17839280,5
2002-04-19,111.62,113.67,110.2,112.88,81059900.0,1.13,3.47,16211980,5
2002-04-26,112.38,112.43,107.29,107.39,95013900.0,-4.44,5.14,19002780,5
2002-05-03,107.93,109.91,106.63,107.58,95625800.0,-0.32,3.28,19125160,5
2002-05-10,107.64,109.36,104.9,105.72,110502300.0,-1.78,4.46,22100460,5
2002-05-17,106.22,111.25,105.79,110.9,134329900.0,4.41,5.46,26865980,5
2002-05-24,110.64,110.69,108.0,108.69,72312000.0,-1.76,2.69,14462400,5
2002-05-31,109.05,109.13,105.9,107.22,77054400.0,-1.68,3.23,19263600,4
2002-06-07,107.09,107.6,101.72,103.34,118618500.0,-3.5,5.88,23723700,5
2002-06-14,103.24,104.54,98.5,101.4,130328000.0,-1.78,6.04,26065600,5
2002-06-21,101.92,105.03,98.68,99.28,117698100.0,-2.59,6.35,23539620,5
2002-06-28,98.61,100.89,95.19,98.96,168238900.0,0.35,5.7,33647780,5
2002-07-05,99.18,99.8,93.72,99.31,104063400.0,0.13,6.08,26015850,4
2002-07-12,98.98,99.7,90.32,91.85,196756600.0,-7.2,9.38,39351320,5
2002-07-19,91.64,93.3,84.3,84.71,289709500.0,-7.56,9.0,57941900,5
2002-07-26,84.1,85.93,77.68,85.6,388024300.0,1.78,8.25,77604860,5
2002-08-02,87.5,91.55,85.62,86.79,264039800.0,-0.81,5.93,52807960,5
2002-08-09,86.49,91.94,83.55,91.29,245429700.0,5.55,8.39,49085940,5
2002-08-16,89.99,94.08,88.02,93.22,215024600.0,3.59,6.06,43004920,5
2002-08-23,93.46,97.15,93.1,94.6,175923300.0,1.22,4.05,35184660,5
2002-08-30,94.91,96.25,90.81,91.78,181468800.0,-3.3,5.44,36293760,5
2002-09-06,90.73,91.0,87.5,90.0,233559000.0,-0.8,3.5,58389750,4
2002-09-13,89.1,93.33,88.25,89.67,187858900.0,0.64,5.08,37571780,5
2002-09-20,89.31,91.19,84.05,84.35,225332800.0,-5.55,7.14,45066560,5
2002-09-27,83.65,85.97,81.85,82.75,293981500.0,-1.08,4.12,58796300,5
2002-10-04,82.0,85.77,79.58,80.8,321074300.0,-1.46,6.19,64214860,5
2002-10-11,80.06,84.73,77.07,84.16,371732700.0,5.12,7.66,74346540,5
2002-10-18,83.2,89.3,83.04,88.64,301912800.0,6.54,6.26,60382560,5
2002-10-25,88.12,90.9,87.57,90.2,240391200.0,2.36,3.33,48078240,5
2002-11-01,91.15,91.29,87.0,90.27,234112400.0,-0.97,4.29,46822480,5
2002-11-08,91.8,93.07,89.52,89.65,240841900.0,-2.34,3.55,48168380,5
2002-11-15,89.51,91.55,87.45,91.4,206170000.0,2.11,4.1,41234000,5
2002-11-22,92.15,94.27,89.76,93.42,186071800.0,1.38,4.51,37214360,5
2002-11-29,93.43,94.95,91.62,93.98,133280800.0,0.59,3.33,33320200,4
2002-12-06,95.47,96.05,89.98,92.03,234909400.0,-3.6,6.07,46981880,5
2002-12-13,91.07,91.62,89.27,89.34,180638300.0,-1.9,2.35,36127660,5
2002-12-20,89.82,91.79,88.6,89.99,175506000.0,0.19,3.19,35101200,5
2002-12-27,89.59,90.61,87.38,87.38,73227600.0,-2.47,3.23,18306900,4
2003-01-03,87.79,91.38,87.11,91.35,140743500.0,4.06,4.27,35185875,4
2003-01-10,91.24,93.64,91.05,93.06,190900900.0,1.99,2.59,38180180,5
2003-01-17,93.54,93.86,90.15,90.66,176325100.0,-3.08,3.71,35265020,5
2003-01-24,90.87,90.92,86.17,86.38,203666400.0,-4.94,4.75,50916600,4
2003-01-31,85.73,87.18,84.15,86.06,263688600.0,0.38,3.03,52737720,5
2003-02-07,86.14,86.81,82.97,83.42,235403000.0,-3.16,3.84,47080600,5
2003-02-14,83.46,84.88,81.0,84.15,245705500.0,0.83,3.88,49141100,5
2003-02-21,84.53,85.8,83.46,85.18,161160600.0,0.77,2.34,40290150,4
2003-02-28,84.93,85.23,82.22,84.9,219979200.0,-0.04,3.01,43995840,5
2003-03-07,85.26,85.78,81.43,83.32,223094000.0,-2.28,4.35,44618800,5
2003-03-14,82.6,84.77,79.38,84.13,287646200.0,1.85,5.39,57529240,5
2003-03-21,83.46,89.88,83.22,89.67,327127500.0,7.44,6.66,65425500,5
2003-03-28,88.02,88.26,85.99,86.71,257883000.0,-1.49,2.27,51576600,5
2003-04-04,85.35,88.99,84.4,88.22,250130300.0,3.36,4.59,50026060,5
2003-04-11,90.34,90.85,85.71,87.15,254678700.0,-3.53,5.14,50935740,5
2003-04-18,87.47,90.06,87.0,89.56,175612600.0,2.39,3.06,43903150,4
2003-04-25,89.86,92.35,88.89,90.23,229653000.0,0.41,3.46,45930600,5
2003-05-02,90.44,93.47,90.3,93.21,247601000.0,3.06,3.17,49520200,5
2003-05-09,93.47,94.38,92.28,93.73,195430700.0,0.28,2.1,39086140,5
2003-05-16,93.5,95.45,93.28,94.87,189895200.0,1.47,2.17,37979040,5
2003-05-23,94.15,94.42,91.59,93.76,210922100.0,-0.41,2.83,42184420,5
2003-05-30,93.3,97.09,93.07,96.95,184820000.0,3.91,4.02,46205000,4
2003-06-06,97.53,101.4,96.67,99.26,244539900.0,1.77,4.73,48907980,5
2003-06-13,98.77,100.9,97.77,99.56,190454900.0,0.8,3.13,38090980,5
2003-06-20,99.96,102.18,99.42,99.44,193745800.0,-0.52,2.76,38749160,5
2003-06-27,99.45,99.66,96.96,97.66,205880600.0,-1.8,2.7,41176120,5
2003-07-04,98.22,99.85,96.43,98.74,150126700.0,0.53,3.42,37531675,4
2003-07-11,99.65,101.4,98.63,100.24,188626100.0,0.59,2.77,37725220,5
2003-07-18,101.2,101.9,98.16,99.51,212534300.0,-1.67,3.74,42506860,5
2003-07-25,99.45,100.34,97.85,100.23,206167000.0,0.78,2.49,41233400,5
2003-08-01,100.37,100.98,98.24,98.51,220476400.0,-1.85,2.74,44095280,5
2003-08-08,98.31,99.0,96.34,98.28,237511300.0,-0.03,2.66,47502260,5
2003-08-15,98.26,99.85,97.84,99.62,162161100.0,1.38,2.01,32432220,5
2003-08-22,99.93,101.82,99.73,99.77,180141300.0,-0.16,2.09,36028260,5
2003-08-29,99.71,101.48,98.83,101.44,143567300.0,1.74,2.65,28713460,5
2003-09-05,101.64,103.7,101.05,102.83,154349800.0,1.17,2.65,38587450,4
2003-09-12,103.04,103.88,101.35,102.45,194512000.0,-0.57,2.53,38902400,5
2003-09-19,102.52,104.7,101.95,103.67,155666400.0,1.12,2.75,31133280,5
2003-09-26,102.85,103.29,99.85,99.95,206449100.0,-2.82,3.44,41289820,5
2003-10-03,100.3,104.28,99.25,103.39,266732100.0,3.08,5.03,53346420,5
2003-10-10,103.48,105.22,102.91,104.57,156499500.0,1.05,2.31,31299900,5
2003-10-17,104.71,105.89,103.98,104.26,166894200.0,-0.43,1.91,33378840,5
2003-10-24,104.45,105.28,102.18,103.58,185854700.0,-0.83,3.1,37170940,5
2003-10-31,103.74,105.97,103.27,105.3,163256500.0,1.5,2.7,32651300,5
2003-11-07,105.75,106.72,104.9,105.61,162685200.0,-0.13,1.82,32537040,5
2003-11-14,105.74,106.95,104.8,105.46,158962700.0,-0.26,2.15,31792540,5
2003-11-21,104.91,105.45,103.62,104.21,198958800.0,-0.67,1.83,39791760,5
2003-11-28,104.69,106.66,104.68,106.45,110047500.0,1.68,1.98,27511875,4
2003-12-05,106.85,108.08,106.62,106.85,178043500.0,0.0,1.46,35608700,5
2003-12-12,106.74,108.2,105.96,108.14,192440600.0,1.31,2.24,38488120,5
2003-12-19,109.17,109.73,107.48,108.9,165604600.0,-0.25,2.25,33120920,5
2003-12-26,108.79,110.08,108.78,109.7,68716700.0,0.84,1.3,17179175,4
2004-01-02,110.1,112.19,109.78,111.23,111617300.0,1.03,2.41,27904325,4
2004-01-09,111.69,113.5,111.59,112.39,169125700.0,0.63,1.91,33825140,5
2004-01-16,112.55,114.31,111.76,114.23,186248000.0,1.49,2.55,37249600,5
2004-01-23,114.53,115.38,113.72,114.43,134721800.0,-0.09,1.66,33680450,4
2004-01-30,114.39,116.5,112.56,113.48,209506200.0,-0.8,3.94,41901240,5
2004-02-06,113.7,114.7,112.78,114.45,177701300.0,0.66,1.92,35540260,5
2004-02-13,114.67,116.39,114.17,115.13,168279700.0,0.4,2.22,33655940,5
2004-02-20,115.85,116.6,114.32,114.88,150477300.0,-0.84,2.28,37619325,4
2004-02-27,115.22,115.74,113.03,115.02,180518600.0,-0.17,2.71,36103720,5
2004-03-05,115.43,116.97,114.92,116.38,179999000.0,0.82,2.05,35999800,5
2004-03-12,116.34,116.62,111.1,112.58,289846500.0,-3.23,5.52,57969300,5
2004-03-19,112.27,113.27,110.84,111.06,267767600.0,-1.08,2.43,53553520,5
2004-03-26,110.54,111.79,108.85,111.03,255699700.0,0.44,2.94,51139940,5
2004-04-02,111.63,114.84,111.58,114.64,227782600.0,2.7,3.26,45556520,5
2004-04-09,114.46,115.41,113.74,114.37,151492900.0,-0.08,1.67,37873225,4
2004-04-16,114.58,115.3,112.36,113.83,250279500.0,-0.65,2.94,50055900,5
2004-04-23,113.55,114.67,111.78,114.36,223221500.0,0.71,2.89,44644300,5
2004-04-30,114.5,115.12,110.9,110.96,247535500.0,-3.09,4.22,49507100,5
2004-05-07,111.37,113.26,109.96,109.96,235295100.0,-1.27,3.3,47059020,5
2004-05-14,109.44,110.81,108.06,110.04,325927300.0,0.55,2.75,65185460,5
2004-05-21,108.89,111.18,108.41,109.81,225580900.0,0.84,2.77,45116180,5
2004-05-28,110.53,113.03,109.6,112.86,194280600.0,2.11,3.43,38856120,5
2004-06-04,112.46,113.58,111.87,112.98,152246700.0,0.46,1.71,38061675,4
2004-06-11,113.43,114.92,113.42,114.35,122938900.0,0.81,1.5,30734725,4
2004-06-18,113.82,114.45,112.87,113.63,158913600.0,-0.17,1.58,31782720,5
2004-06-25,113.75,114.94,112.67,113.84,166308000.0,0.08,2.27,33261600,5
2004-07-02,114.52,114.79,112.58,112.88,213823000.0,-1.43,2.21,42764600,5
2004-07-09,112.37,112.57,111.2,111.73,141242000.0,-0.57,1.37,35310500,4
2004-07-16,111.52,112.39,110.44,110.71,195807400.0,-0.73,1.95,39161480,5
2004-07-23,110.75,112.06,108.69,108.96,264601300.0,-1.62,3.37,52920260,5
2004-07-30,109.19,110.9,108.21,110.84,260618700.0,1.51,2.69,52123740,5
2004-08-06,110.19,111.36,106.62,106.85,245476100.0,-3.03,4.74,49095220,5
2004-08-13,107.02,108.41,106.59,107.19,237930700.0,0.16,1.82,47586140,5
2004-08-20,107.14,110.63,107.1,110.48,214351400.0,3.12,3.53,42870280,5
2004-08-27,110.55,111.63,109.85,111.45,154282000.0,0.81,1.78,30856400,5
2004-09-03,111.22,112.82,110.1,112.12,196847200.0,0.81,2.72,39369440,5
2004-09-10,112.54,113.27,112.03,113.06,132517300.0,0.46,1.24,33129325,4
2004-09-17,113.31,113.74,112.68,113.15,168336700.0,-0.14,1.06,33667340,5
2004-09-24,112.67,113.47,110.95,111.46,206162100.0,-1.07,2.52,41232420,5
2004-10-01,111.1,113.65,110.41,113.65,220704700.0,2.3,3.24,44140940,5
2004-10-08,114.1,114.68,112.35,112.51,203552200.0,-1.39,2.33,40710440,5
2004-10-15,112.78,113.07,110.57,111.26,243760800.0,-1.35,2.5,48752160,5
2004-10-22,110.89,112.23,109.75,109.99,258476200.0,-0.81,2.48,51695240,5
2004-10-29,109.75,113.64,109.35,113.2,275457800.0,3.14,4.29,55091560,5
2004-11-05,113.56,117.64,113.2,117.28,288528600.0,3.28,4.44,57705720,5
2004-11-12,116.98,119.0,116.72,118.79,217234200.0,1.55,2.28,43446840,5
2004-11-19,118.5,119.14,117.14,117.42,215951400.0,-0.91,2.0,43190280,5
2004-11-26,117.17,118.98,117.03,118.35,124741500.0,1.01,1.95,31185375,4
2004-12-03,118.79,120.14,117.48,119.25,274275700.0,0.39,2.66,54855140,5
2004-12-10,119.21,119.64,117.73,119.33,237724200.0,0.1,1.91,47544840,5
2004-12-17,119.76,121.24,119.16,119.44,249144600.0,-0.27,2.08,49828920,5
2004-12-24,119.75,121.28,119.17,120.77,137428400.0,0.85,2.11,34357100,4
2004-12-31,121.2,121.66,120.39,120.87,125743300.0,-0.27,1.27,25148660,5
2005-01-07,121.56,121.76,118.0,118.44,294245300.0,-2.57,3.76,58849060,5
2005-01-14,118.34,119.46,117.5,118.24,289953500.0,-0.08,1.96,57990700,5
2005-01-21,118.05,119.62,116.65,116.78,246980300.0,-1.08,2.97,61745075,4
2005-01-28,117.09,117.75,116.37,117.43,300499700.0,0.29,1.38,60099940,5
2005-02-04,117.95,120.43,117.71,120.23,253704500.0,1.93,2.72,50740900,5
2005-02-11,120.25,121.04,119.25,120.77,238946500.0,0.43,1.79,47789300,5
2005-02-18,120.69,121.46,119.9,120.39,237655100.0,-0.25,1.56,47531020,5
2005-02-25,119.9,121.67,118.58,121.43,278453700.0,1.28,3.09,69613425,4
2005-03-04,121.15,122.83,120.04,122.73,298301500.0,1.3,2.79,59660300,5
2005-03-11,122.66,123.25,120.16,120.39,284193500.0,-1.85,3.09,56838700,5
2005-03-18,120.61,121.46,118.15,118.54,296465300.0,-1.72,3.31,59293060,5
2005-03-25,118.71,118.93,116.75,117.14,276466500.0,-1.32,2.18,69116625,4
2005-04-01,117.42,118.99,116.25,117.43,339758600.0,0.01,2.74,67951720,5
2005-04-08,117.36,119.26,116.74,118.0,282210800.0,0.55,2.52,56442160,5
2005-04-15,118.29,119.06,114.1,114.15,421835900.0,-3.5,4.96,84367180,5
2005-04-22,114.12,116.5,113.55,115.57,448499200.0,1.27,2.95,89699840,5
2005-04-29,115.86,116.77,113.97,115.75,385517300.0,-0.09,2.8,77103460,5
2005-05-06,116.07,118.0,115.52,117.09,387404500.0,0.88,2.48,77480900,5
2005-05-13,117.21,118.08,114.8,115.72,390365200.0,-1.27,3.28,78073040,5
2005-05-20,115.7,119.41,115.66,119.12,296337300.0,2.96,3.75,59267460,5
2005-05-27,119.21,120.25,118.83,120.25,217163100.0,0.87,1.42,43432620,5
2005-06-03,120.08,120.92,119.4,120.15,213692100.0,0.06,1.52,53423025,4
2005-06-10,119.95,121.25,119.44,120.2,242547500.0,0.21,1.81,48509500,5
2005-06-17,119.94,121.9,119.81,121.36,234529800.0,1.18,2.09,46905960,5
2005-06-24,121.08,121.94,118.84,118.98,247967400.0,-1.73,3.1,49593480,5
2005-07-01,118.97,120.4,118.75,119.53,243700800.0,0.47,1.65,48740160,5
2005-07-08,119.25,121.32,118.26,121.32,271672600.0,1.74,3.06,67918150,4
2005-07-15,121.33,123.44,121.31,122.84,262456400.0,1.24,2.13,52491280,5
2005-07-22,122.5,123.73,122.05,123.54,338959100.0,0.85,1.68,67791820,5
2005-07-29,123.41,124.64,122.85,123.74,253480800.0,0.27,1.79,50696160,5
2005-08-05,123.83,124.74,122.67,122.88,226853900.0,-0.77,2.07,45370780,5
2005-08-12,123.15,124.5,122.38,123.06,280996800.0,-0.07,2.12,56199360,5
2005-08-19,123.22,123.87,121.84,122.47,263656400.0,-0.61,2.03,52731280,5
2005-08-26,122.58,123.23,120.68,120.76,301773100.0,-1.48,2.55,60354620,5
2005-09-02,120.41,123.15,120.38,122.27,355516700.0,1.54,2.77,71103340,5
2005-09-09,122.66,124.74,122.65,124.6,181163600.0,1.58,2.09,45290900,4
2005-09-16,124.45,124.67,122.87,123.5,297720700.0,-0.76,1.8,59544140,5
2005-09-23,123.47,123.61,120.44,121.44,376270000.0,-1.64,3.17,75254000,5
2005-09-30,122.02,123.04,121.02,123.04,309618600.0,0.84,2.02,61923720,5
2005-10-07,122.96,123.34,118.17,119.61,434426400.0,-2.72,5.17,86885280,5
2005-10-14,119.68,119.71,116.88,118.67,416521100.0,-0.84,2.83,83304220,5
2005-10-21,118.8,119.81,117.12,118.13,488216200.0,-0.56,2.69,97643240,5
2005-10-28,118.44,120.54,117.93,119.8,367703800.0,1.15,2.61,73540760,5
2005-11-04,120.29,122.66,120.13,122.11,362129900.0,1.51,2.53,72425980,5
2005-11-11,122.37,123.84,121.75,123.76,260500100.0,1.14,2.09,52100020,5
2005-11-18,123.79,125.28,122.86,125.13,293972400.0,1.08,2.42,58794480,5
2005-11-25,125.15,127.41,124.98,127.13,182584700.0,1.58,2.43,45646175,4
2005-12-02,127.25,127.27,125.29,126.85,274412200.0,-0.31,1.98,54882440,5
2005-12-09,126.7,127.74,125.48,126.33,297378200.0,-0.29,2.26,59475640,5
2005-12-16,126.71,128.09,125.96,126.36,303534400.0,-0.28,2.13,60706880,5
2005-12-23,126.73,126.87,125.48,126.76,207368300.0,0.02,1.39,41473660,5
2005-12-30,126.96,127.05,124.36,124.51,152698300.0,-1.93,2.69,38174575,4
2006-01-06,125.19,128.58,124.39,128.44,235349700.0,2.6,4.19,58837425,4
2006-01-13,128.42,129.44,128.2,128.68,223453000.0,0.2,1.24,44690600,5
2006-01-20,128.2,128.9,125.97,125.97,323622400.0,-1.74,2.93,80905600,4
2006-01-27,126.21,128.66,125.84,128.54,344839100.0,1.85,2.82,68967820,5
2006-02-03,128.44,128.81,126.14,126.27,339874900.0,-1.69,2.67,67974980,5
2006-02-10,126.44,128.1,125.4,126.64,302674200.0,0.16,2.7,60534840,5
2006-02-17,126.6,129.21,125.95,128.81,330104900.0,1.75,3.26,66020980,5
2006-02-24,129.11,129.65,128.28,129.41,168983600.0,0.23,1.37,42245900,4
2006-03-03,129.4,130.07,128.13,128.76,292939800.0,-0.49,1.94,58587960,5
2006-03-10,129.14,129.18,127.18,128.59,302756000.0,-0.43,2.0,60551200,5
2006-03-17,128.84,131.47,128.53,130.62,281568500.0,1.38,2.94,56313700,5
2006-03-24,130.64,130.99,129.45,130.21,274160300.0,-0.33,1.54,54832060,5
2006-03-31,130.03,130.98,129.05,129.83,309605900.0,-0.15,1.93,61921180,5
2006-04-07,130.07,131.4,129.35,129.54,305128300.0,-0.41,2.05,61025660,5
2006-04-14,129.74,130.08,128.25,128.71,208381400.0,-0.79,1.83,52095350,4
2006-04-21,128.83,131.86,128.02,131.15,402316600.0,1.8,3.84,80463320,5
2006-04-28,130.89,131.75,129.59,131.47,384501600.0,0.44,2.16,76900320,5
2006-05-05,131.47,132.8,130.32,132.52,280384700.0,0.8,2.48,56076940,5
2006-05-12,132.51,132.77,129.19,129.24,296612300.0,-2.47,3.58,59322460,5
2006-05-19,128.79,130.0,125.8,127.1,503172100.0,-1.31,4.2,100634420,5
2006-05-26,126.28,128.38,124.76,128.38,513231900.0,1.66,3.62,102646380,5
2006-06-02,127.97,129.43,126.05,129.0,324770400.0,0.8,3.38,81192600,4
2006-06-09,128.85,128.86,123.87,125.35,625132500.0,-2.72,4.99,125026500,5
2006-06-16,125.88,126.36,122.34,124.65,673381600.0,-0.98,4.02,134676320,5
2006-06-23,125.4,125.7,123.55,124.44,364980400.0,-0.77,2.15,72996080,5
2006-06-30,124.54,127.66,123.65,127.28,334910500.0,2.2,4.01,66982100,5
2006-07-07,127.43,128.01,126.29,126.61,225294200.0,-0.64,1.72,56323550,4
2006-07-14,126.94,127.43,122.83,123.52,422814400.0,-2.69,4.6,84562880,5
2006-07-21,123.52,126.3,122.39,123.95,551315100.0,0.35,3.91,110263020,5
2006-07-28,124.44,128.14,124.44,127.98,442284600.0,2.84,3.7,88456920,5
2006-08-04,127.66,129.43,126.6,128.2,339577600.0,0.42,2.83,67915520,5
2006-08-11,127.9,128.6,126.28,127.01,331993700.0,-0.7,2.32,66398740,5
2006-08-18,127.63,130.69,126.92,130.69,327000800.0,2.4,3.77,65400160,5
2006-08-25,130.18,130.52,129.19,129.81,269304600.0,-0.28,1.33,53860920,5
2006-09-01,129.65,131.58,129.64,131.42,250856300.0,1.37,1.94,50171260,5
2006-09-08,131.51,131.85,129.35,130.28,237509600.0,-0.94,2.5,59377400,4
2006-09-15,129.86,132.45,129.48,131.96,335779100.0,1.62,2.97,67155820,5
2006-09-22,131.79,132.77,131.0,131.47,386346600.0,-0.24,1.77,77269320,5
2006-09-29,131.73,133.99,131.05,133.58,355258100.0,1.4,2.94,71051620,5
2006-10-06,133.54,135.41,132.65,135.01,331175500.0,1.1,2.76,66235100,5
2006-10-13,134.85,136.71,134.3,136.63,314754900.0,1.32,2.41,62950980,5
2006-10-20,136.52,137.37,135.67,136.84,331779900.0,0.23,1.7,66355980,5
2006-10-27,136.56,139.0,136.39,137.91,344641900.0,0.99,2.61,68928380,5
2006-11-03,137.66,138.31,135.62,136.54,336037000.0,-0.81,2.69,67207400,5
2006-11-10,136.96,139.14,136.86,138.24,359047800.0,0.93,2.28,71809560,5
2006-11-17,138.18,140.68,138.07,140.42,365694400.0,1.62,2.61,73138880,5
2006-11-24,140.3,141.16,139.94,140.35,197045400.0,0.04,1.22,49261350,4
2006-12-01,140.28,141.05,138.11,140.22,491307200.0,-0.04,2.94,98261440,5
2006-12-08,140.25,142.3,140.23,141.42,356923700.0,0.83,2.07,71384740,5
2006-12-15,141.42,143.24,140.89,142.34,308363800.0,0.65,2.35,61672760,5
2006-12-22,142.54,142.88,140.67,140.75,266215300.0,-1.26,2.21,53243060,5
2006-12-29,140.81,142.7,140.78,141.62,155174000.0,0.58,1.92,38793500,4
2007-01-05,142.25,142.86,140.38,140.54,241073500.0,-1.2,2.48,80357833,3
2007-01-12,140.82,143.24,140.25,143.24,329610500.0,1.72,2.99,65922100,5
2007-01-19,143.07,143.46,142.31,142.82,220263000.0,-0.17,1.15,55065750,4
2007-01-26,143.07,143.98,141.58,142.13,310992100.0,-0.66,2.4,62198420,5
2007-02-02,142.19,144.95,141.74,144.81,347310200.0,1.84,3.21,69462040,5
2007-02-09,144.7,145.36,143.39,143.94,308181700.0,-0.53,1.97,61636340,5
2007-02-16,143.94,145.95,143.19,145.73,274335200.0,1.24,2.76,54867040,5
2007-02-23,145.56,146.42,145.0,145.3,271917000.0,-0.18,1.42,67979250,4
2007-03-02,145.83,145.95,138.05,138.67,896598200.0,-4.91,7.9,179319640,5
2007-03-09,137.93,141.42,137.33,140.78,627885300.0,2.07,4.09,125577060,5
2007-03-16,140.42,141.34,136.75,138.53,756793400.0,-1.35,4.59,151358680,5
2007-03-23,139.26,143.81,139.15,143.39,524036300.0,2.97,4.66,104807260,5
2007-03-30,143.5,143.65,140.56,142.0,634186800.0,-1.05,3.09,126837360,5
2007-04-06,142.16,144.44,141.48,144.24,272652200.0,1.46,2.96,68163050,4
2007-04-13,144.65,145.32,143.34,145.32,413774500.0,0.46,1.98,82754900,5
2007-04-20,145.83,148.62,145.82,148.62,506895800.0,1.91,2.8,101379160,5
2007-04-27,148.37,149.8,147.32,149.53,497093300.0,0.78,2.48,99418660,5
2007-05-04,149.64,151.12,147.67,150.92,505325300.0,0.86,3.45,101065060,5
2007-05-11,150.88,152.82,149.27,150.86,513142200.0,-0.01,3.55,102628440,5
2007-05-18,150.86,152.62,149.79,152.62,603182100.0,1.17,2.83,120636420,5
2007-05-25,152.58,153.5,150.74,151.69,661502200.0,-0.58,2.76,132300440,5
2007-06-01,151.94,154.4,151.34,154.08,433672000.0,1.41,3.06,108418000,4
2007-06-08,153.54,154.39,149.06,151.04,777324100.0,-1.63,5.33,155464820,5
2007-06-15,150.93,153.66,149.55,153.07,829549100.0,1.42,4.11,165909820,5
2007-06-22,153.38,153.58,149.85,150.55,786735600.0,-1.85,3.73,157347120,5
2007-06-29,150.24,151.65,148.06,150.43,1001504900.0,0.13,3.59,200300980,5
2007-07-06,150.87,153.17,150.77,152.98,327793400.0,1.4,2.4,81948350,4
2007-07-13,153.16,155.46,150.52,154.85,673995100.0,1.1,4.94,134799020,5
2007-07-20,154.99,155.53,152.83,153.5,853182600.0,-0.96,2.7,170636520,5
2007-07-27,154.18,154.72,145.05,145.11,1533710900.0,-5.88,9.67,306742180,5
2007-08-03,145.93,149.46,143.2,143.8,1721820800.0,-1.46,6.26,344364160,5
2007-08-10,144.21,150.59,142.53,144.71,1601119800.0,0.35,8.06,320223960,5
2007-08-17,146.5,146.89,137.0,144.71,1704847500.0,-1.22,9.89,340969500,5
2007-08-24,145.17,148.33,143.29,148.33,850360700.0,2.18,5.04,170072140,5
2007-08-31,147.85,148.5,143.46,147.59,917764000.0,-0.18,5.04,183552800,5
2007-09-07,147.45,149.98,145.26,146.07,649649800.0,-0.94,4.72,162412450,4
2007-09-14,146.52,149.45,144.33,148.9,779932400.0,1.62,5.12,155986480,5
2007-09-21,148.31,154.39,147.63,151.97,884054500.0,2.47,6.76,176810900,5
2007-09-28,152.42,153.19,150.47,152.58,653372500.0,0.1,2.72,130674500,5
2007-10-05,152.6,156.1,152.5,155.85,591641100.0,2.13,3.6,118328220,5
2007-10-12,155.39,157.52,154.54,156.33,625121600.0,0.6,2.98,125024320,5
2007-10-19,156.27,156.48,149.66,149.67,989902300.0,-4.22,6.82,197980460,5
2007-10-26,148.86,153.62,148.66,153.62,1182627600.0,3.2,4.96,236525520,5
2007-11-02,153.93,155.27,149.21,151.2,1125046000.0,-1.77,6.06,225009200,5
2007-11-09,149.64,152.11,144.89,145.14,1363536200.0,-3.01,7.22,272707240,5
2007-11-16,145.21,149.4,143.7,145.79,1236645700.0,0.4,5.7,247329140,5
2007-11-23,145.28,145.53,141.67,144.13,1019214300.0,-0.79,3.86,254803575,4
2007-11-30,144.43,149.87,140.66,148.66,1189044700.0,2.93,9.21,237808940,5
2007-12-07,148.19,151.5,146.31,150.91,757531800.0,1.84,5.19,151506360,5
2007-12-14,151.28,152.89,147.1,147.17,1093400500.0,-2.72,5.79,218680100,5
2007-12-21,146.61,148.42,143.96,148.13,982654100.0,1.04,4.46,196530820,5
2007-12-28,148.82,149.68,146.9,147.3,352074300.0,-1.02,2.78,88018575,4
2008-01-04,147.1,147.61,140.91,141.31,670526600.0,-3.94,6.7,167631650,4
2008-01-11,141.81,142.9,137.7,140.15,1465959400.0,-1.17,5.2,293191880,5
2008-01-18,141.16,141.86,131.1,132.06,1535562300.0,-6.45,10.76,307112460,5
2008-01-25,127.21,136.76,126.0,133.04,1477389900.0,4.58,10.76,369347475,4
2008-02-01,133.26,139.61,132.06,139.58,1272366500.0,4.74,7.55,254473300,5
2008-02-08,139.21,139.3,131.73,133.07,1181381300.0,-4.41,7.57,236276260,5
2008-02-15,133.1,137.06,132.04,135.14,996516000.0,1.53,5.02,199303200,5
2008-02-22,136.72,137.01,132.86,135.62,771817900.0,-0.8,4.15,192954475,4
2008-02-29,135.54,139.14,132.78,133.82,994469800.0,-1.27,6.36,198893960,5
2008-03-07,133.14,134.77,128.58,129.71,1317024300.0,-2.58,6.19,263404860,5
2008-03-14,129.84,133.77,127.59,129.61,1642477300.0,-0.18,6.18,328495460,5
2008-03-21,126.57,134.65,126.07,132.08,1331020000.0,4.35,8.58,332755000,4
2008-03-28,133.31,135.81,131.06,131.51,1004908100.0,-1.35,4.75,200981620,5
2008-04-04,131.29,137.96,131.09,136.89,1012481800.0,4.27,6.87,202496360,5
2008-04-11,137.87,138.57,133.01,133.38,914734500.0,-3.26,5.56,182946900,5
2008-04-18,133.19,139.56,132.33,138.48,920376400.0,3.97,7.23,184075280,5
2008-04-25,138.23,139.89,136.9,139.6,894231800.0,0.99,2.99,178846360,5
2008-05-02,139.88,142.37,138.26,141.51,808385200.0,1.17,4.11,161677040,5
2008-05-09,141.05,142.2,138.45,138.9,828021000.0,-1.52,3.75,165604200,5
2008-05-16,139.25,142.87,138.73,142.66,860072700.0,2.45,4.14,172014540,5
2008-05-23,142.81,144.3,137.52,137.64,949138100.0,-3.62,6.78,189827620,5
2008-05-30,137.8,140.93,137.53,140.35,640900200.0,1.85,3.4,160225050,4
2008-06-06,139.83,140.89,136.22,136.29,1321816700.0,-2.53,4.67,264363340,5
2008-06-13,136.86,137.5,133.52,136.15,1269907600.0,-0.52,3.98,253981520,5
2008-06-20,135.55,137.12,131.22,131.58,1236913800.0,-2.93,5.9,247382760,5
2008-06-27,132.09,133.4,127.04,127.53,1321449300.0,-3.45,6.36,264289860,5
2008-07-04,127.89,129.16,124.99,126.31,1174881700.0,-1.24,4.17,293720425,4
2008-07-11,126.79,127.74,122.49,123.84,2002730700.0,-2.33,5.25,400546140,5
2008-07-18,125.26,126.42,120.02,125.98,1839386900.0,0.57,6.4,367877380,5
2008-07-25,126.51,129.15,124.85,125.48,1299231100.0,-0.81,4.3,259846220,5
2008-08-01,125.51,128.6,123.42,126.16,1347509900.0,0.52,5.18,269501980,5
2008-08-08,126.04,129.93,124.76,129.37,1156496800.0,2.64,5.17,231299360,5
2008-08-15,129.47,131.51,127.67,130.17,1139575900.0,0.54,3.84,227915180,5
2008-08-22,130.43,130.48,126.34,129.65,940772100.0,-0.6,4.14,188154420,5
2008-08-29,128.8,130.34,126.58,128.79,858819800.0,-0.01,3.76,171763960,5
2008-09-05,130.03,130.71,122.0,124.42,1133857800.0,-4.31,8.71,283464450,4
2008-09-12,128.04,128.24,121.6,126.09,1713539300.0,-1.52,6.64,342707860,5
2008-09-19,121.63,128.0,113.8,124.12,2966649400.0,2.05,14.2,593329880,5
2008-09-26,124.45,124.75,117.79,120.85,1503425700.0,-2.89,6.96,300685140,5
2008-10-03,119.14,119.34,109.68,110.34,1947635500.0,-7.39,9.66,389527100,5
2008-10-10,107.15,107.62,83.58,88.5,3281575900.0,-17.41,24.04,656315180,5
2008-10-17,93.87,105.53,86.54,93.21,2671940000.0,-0.7,18.99,534388000,5
2008-10-24,95.35,99.1,84.0,87.04,2374443200.0,-8.72,15.1,474888640,5
2008-10-31,85.97,98.57,83.7,96.83,2394474300.0,12.63,14.87,478894860,5
2008-11-07,96.78,100.86,90.06,93.86,1798169800.0,-3.02,10.8,359633960,5
2008-11-14,95.21,95.53,82.09,86.62,2468096000.0,-9.02,13.44,493619200,5
2008-11-21,86.38,88.56,74.34,79.52,3030111200.0,-7.94,14.22,606022240,5
2008-11-28,81.92,90.13,80.36,90.09,1465860000.0,9.97,9.77,366465000,4
2008-12-05,87.51,88.42,81.86,87.93,2275378100.0,0.48,6.56,455075620,5
2008-12-12,90.34,92.38,85.2,88.99,1959958100.0,-1.49,7.18,391991620,5
2008-12-19,89.02,92.43,86.29,88.19,1592338100.0,-0.93,6.14,318467620,5
2008-12-26,88.58,88.67,85.49,87.16,602214000.0,-1.6,3.18,150553500,4
2009-01-02,87.24,93.44,85.6,92.96,717605700.0,6.56,7.84,179401425,4
2009-01-09,92.63,94.45,85.36,89.09,1444297800.0,-3.82,9.09,288859560,5
2009-01-16,88.84,88.91,81.72,85.06,2001666900.0,-4.25,7.19,400333380,5
2009-01-23,84.23,85.06,80.05,83.11,1598956800.0,-1.33,5.01,399739200,4
2009-01-30,83.59,87.95,82.21,82.83,1599551600.0,-0.91,5.74,319910320,5
2009-02-06,81.57,87.34,77.73,86.98,1673389500.0,6.63,9.61,334677900,5
2009-02-13,86.96,87.74,81.05,82.76,1864031100.0,-4.83,6.69,372806220,5
2009-02-20,80.16,82.96,75.77,77.42,1635919000.0,-3.42,7.19,408979750,4
2009-02-27,78.27,79.67,73.81,73.93,2101752900.0,-5.54,5.86,420350580,5
2009-03-06,72.52,73.92,67.1,68.92,2308986100.0,-4.96,6.82,461797220,5
2009-03-13,67.95,76.98,67.73,76.09,1889958900.0,11.98,9.25,377991780,5
2009-03-20,76.96,81.0,75.45,76.71,1990331000.0,-0.32,5.55,398066200,5
2009-03-27,78.74,83.3,78.31,81.61,1936336900.0,3.64,4.99,387267380,5
2009-04-03,79.8,84.61,77.96,84.26,1826242100.0,5.59,6.65,365248420,5
2009-04-10,83.34,85.82,81.51,85.81,1023870700.0,2.96,4.31,255967675,4
2009-04-17,84.92,87.65,83.61,87.08,1350024300.0,2.54,4.04,270004860,5
2009-04-24,85.54,87.31,82.75,86.66,1360782900.0,1.31,4.56,272156580,5
2009-05-01,85.68,89.02,84.76,87.89,1386543700.0,2.58,4.26,277308740,5
2009-05-08,88.55,93.22,88.38,92.98,1438907000.0,5.0,4.84,287781400,5
2009-05-15,91.7,92.11,88.15,88.71,1331575400.0,-3.26,3.96,266315080,5
2009-05-22,89.55,92.8,88.26,89.02,1159072100.0,-0.59,4.54,231814420,5
2009-05-29,88.36,93.7,88.32,92.53,1030070800.0,4.72,5.38,257517700,4
2009-06-05,93.67,95.67,92.76,94.55,1236792000.0,0.94,2.91,247358400,5
2009-06-12,93.84,96.11,93.04,95.08,1219567000.0,1.32,3.07,243913400,5
2009-06-19,93.96,94.02,90.83,92.04,1102335400.0,-2.04,3.19,220467080,5
2009-06-26,91.14,92.24,88.85,91.84,1098791100.0,0.77,3.39,219758220,5
2009-07-03,92.11,93.23,89.76,89.81,782720500.0,-2.5,3.47,195680125,4
2009-07-10,88.94,89.93,87.0,87.96,956936900.0,-1.1,2.93,191387380,5
2009-07-17,88.31,94.51,87.59,94.13,989515000.0,6.59,6.92,197903000,5
2009-07-24,94.68,98.14,94.19,98.06,990764400.0,3.57,3.95,198152880,5
2009-07-31,97.88,99.83,96.98,98.81,973277300.0,0.95,2.85,194655460,5
2009-08-07,99.85,102.03,99.31,101.2,951062600.0,1.35,2.72,190212520,5
2009-08-14,100.74,101.61,99.46,100.79,883317700.0,0.05,2.15,176663540,5
2009-08-21,98.85,103.13,98.11,102.97,1002678100.0,4.17,5.02,200535620,5
2009-08-28,103.39,104.35,101.94,103.38,944464800.0,-0.01,2.41,188892960,5
2009-09-04,102.37,103.24,99.57,102.06,955393600.0,-0.3,3.67,191078720,5
2009-09-11,103.0,105.3,102.39,104.77,602784100.0,1.72,2.91,150696025,4
2009-09-18,103.88,108.06,103.15,106.72,935766000.0,2.73,4.91,187153200,5
2009-09-25,105.89,108.03,104.09,104.45,953661900.0,-1.36,3.94,190732380,5
2009-10-02,104.85,107.02,101.99,102.49,1012992100.0,-2.25,5.03,202598420,5
2009-10-09,102.9,107.26,102.6,107.26,829880500.0,4.24,4.66,165976100,5
2009-10-16,107.76,109.71,106.76,108.89,833088300.0,1.05,2.95,166617660,5
2009-10-23,109.07,110.31,107.5,108.08,1044308000.0,-0.91,2.81,208861600,5
2009-10-30,108.2,109.31,103.44,103.56,1267834600.0,-4.29,5.87,253566920,5
2009-11-06,104.13,107.4,103.08,107.13,1081551600.0,2.88,4.32,216310320,5
2009-11-13,107.95,110.82,107.87,109.62,808969200.0,1.55,2.95,161793840,5
2009-11-20,110.38,111.69,109.01,109.43,857473700.0,-0.86,2.68,171494740,5
2009-11-27,110.72,111.74,108.29,109.57,521996900.0,-1.04,3.45,130499225,4
2009-12-04,109.48,112.38,108.12,111.01,895036300.0,1.4,4.26,179007260,5
2009-12-11,110.91,111.53,109.02,111.11,715769500.0,0.18,2.51,143153900,5
2009-12-18,111.87,112.13,109.28,110.21,740889800.0,-1.48,2.85,148177960,5
2009-12-25,110.76,112.6,110.76,112.48,361207700.0,1.55,1.84,90301925,4
2010-01-01,112.9,113.03,111.39,111.44,331857300.0,-1.29,1.64,82964325,4
2010-01-08,112.37,114.62,111.51,114.57,604092800.0,1.96,3.11,120818560,5
2010-01-15,115.08,115.14,113.2,113.64,759533100.0,-1.25,1.94,151906620,5
2010-01-22,113.62,115.13,109.09,109.21,1046464900.0,-3.88,6.04,261616225,4
2010-01-29,110.21,110.47,107.22,107.39,1296751500.0,-2.56,3.25,259350300,5
2010-02-05,108.15,110.59,104.58,106.66,1427225100.0,-1.38,6.01,285445020,5
2010-02-12,106.74,108.25,105.81,108.04,1330712600.0,1.22,2.44,266142520,5
2010-02-19,108.86,111.57,107.82,111.14,744556100.0,2.09,3.75,186139025,4
2010-02-26,111.55,111.58,108.94,110.74,949418600.0,-0.73,2.64,189883720,5
2010-03-05,111.2,114.34,111.17,114.25,771376300.0,2.74,3.17,154275260,5
2010-03-12,114.26,115.97,113.87,115.46,778142600.0,1.05,2.1,155628520,5
2010-03-19,115.26,117.48,114.6,115.97,916108100.0,0.62,2.88,183221620,5
2010-03-26,115.31,118.17,115.24,116.58,992696800.0,1.1,2.93,198539360,5
2010-04-02,117.17,118.25,116.61,117.8,602579900.0,0.54,1.64,150644975,4
2010-04-09,118.25,119.6,117.6,119.55,692518600.0,1.1,2.0,138503720,5
2010-04-16,119.7,121.57,118.75,119.36,908333600.0,-0.28,2.82,181666720,5
2010-04-23,119.01,121.86,118.47,121.81,861261700.0,2.35,3.39,172252340,5
2010-04-30,121.85,122.12,118.25,118.81,1263760600.0,-2.49,3.87,252752120,5
2010-05-07,119.38,120.68,105.0,111.26,2156989900.0,-6.8,15.68,431397980,5
2010-05-14,115.81,117.68,112.87,113.89,1529670400.0,-1.66,4.81,305934080,5
2010-05-21,114.2,115.22,105.36,109.11,2112367000.0,-4.46,9.86,422473400,5
2010-05-28,108.52,110.8,104.38,109.37,1614851500.0,0.78,6.42,322970300,5
2010-06-04,108.35,111.06,106.46,106.82,1143247000.0,-1.41,4.6,285811750,4
2010-06-11,107.2,109.75,104.65,109.68,1422425500.0,2.31,5.1,284485100,5
2010-06-18,110.52,112.42,109.4,111.73,1099031200.0,1.09,3.02,219806240,5
2010-06-25,113.12,113.2,106.77,107.87,1214386100.0,-4.64,6.43,242877220,5
2010-07-02,108.03,108.32,101.13,102.2,1443279800.0,-5.4,7.19,288655960,5
2010-07-09,103.64,107.97,101.88,107.96,866546700.0,4.17,6.09,216636675,4
2010-07-16,107.6,110.09,106.45,106.66,1043767600.0,-0.87,3.64,208753520,5
2010-07-23,107.05,110.57,105.82,110.41,1206200500.0,3.14,4.75,241240100,5
2010-07-30,110.6,112.29,108.98,110.27,992577200.0,-0.3,3.31,198515440,5
2010-08-06,111.99,113.11,110.92,112.39,873294300.0,0.36,2.19,174658860,5
2010-08-13,112.92,113.18,107.6,108.31,1035364700.0,-4.08,5.58,207072940,5
2010-08-20,107.57,110.39,106.75,107.53,978649500.0,-0.04,3.64,195729900,5
2010-08-27,108.04,108.57,104.29,106.86,1213491400.0,-1.09,4.28,242698280,5
2010-09-03,106.58,110.99,104.49,110.89,1066309300.0,4.04,6.5,213261860,5
2010-09-10,110.37,111.68,109.55,111.48,566735000.0,1.01,2.13,141683750,4
2010-09-17,112.58,113.29,111.98,112.49,952735300.0,-0.08,1.31,190547060,5
2010-09-24,112.88,114.9,112.18,114.82,1086292800.0,1.72,2.72,217258560,5
2010-10-01,114.86,115.79,113.18,114.61,979380500.0,-0.22,2.61,195876100,5
2010-10-08,114.37,116.86,113.18,116.54,887034000.0,1.9,3.68,177406800,5
2010-10-15,116.72,118.55,115.65,117.7,941124800.0,0.84,2.9,188224960,5
2010-10-22,117.74,119.09,116.02,118.35,951659200.0,0.52,3.07,190331840,5
2010-10-29,119.14,119.76,117.26,118.49,813034100.0,-0.55,2.5,162606820,5
2010-11-05,119.07,122.92,117.85,122.72,954817000.0,3.07,5.07,190963400,5
2010-11-12,122.34,122.95,119.65,120.2,961202500.0,-1.75,3.3,192240500,5
2010-11-19,120.58,121.05,117.59,120.29,990392500.0,-0.24,3.46,198078500,5
2010-11-26,119.69,120.24,117.99,118.8,619723900.0,-0.74,2.25,154930975,4
2010-12-03,118.5,123.03,117.74,122.89,1021112700.0,3.7,5.29,204222540,5
2010-12-10,122.63,124.6,122.41,124.48,688927500.0,1.51,2.19,137785500,5
2010-12-17,125.05,125.23,123.75,124.3,767995900.0,-0.6,1.48,153599180,5
2010-12-24,124.64,125.82,123.98,125.6,362982800.0,0.77,1.84,90745700,4
2010-12-31,125.13,126.2,125.04,125.75,339304000.0,0.5,1.16,67860800,5
2011-01-07,126.71,127.83,125.7,127.14,688663800.0,0.34,2.13,137732760,5
2011-01-14,126.58,129.33,126.2,129.3,587344200.0,2.15,3.13,117468840,5
2011-01-21,129.18,129.64,127.13,128.37,593568300.0,-0.63,2.51,148392075,4
2011-01-28,128.29,130.35,127.51,127.72,841489200.0,-0.44,2.84,168297840,5
2011-02-04,128.07,131.2,127.75,131.15,715288600.0,2.4,3.45,143057720,5
2011-02-11,131.44,133.28,131.3,133.11,658367400.0,1.27,1.98,131673480,5
2011-02-18,133.03,134.69,132.32,134.53,591262500.0,1.13,2.37,118252500,5
2011-02-25,133.12,134.56,129.7,132.33,862818700.0,-0.59,4.86,215704675,4
2011-03-04,132.82,133.69,130.35,132.47,1054110800.0,-0.26,3.34,210822160,5
2011-03-11,132.86,133.16,129.49,130.84,1072125000.0,-1.52,3.67,214425000,5
2011-03-18,129.99,130.48,125.28,127.76,1547968900.0,-1.72,5.2,309593780,5
2011-03-25,129.35,131.87,128.32,131.3,746906900.0,1.51,3.55,149381380,5
2011-04-01,131.58,133.77,130.44,133.15,661783400.0,1.19,3.33,132356680,5
2011-04-08,133.43,134.0,132.31,132.86,660648900.0,-0.43,1.69,132129780,5
2011-04-15,133.0,133.45,130.27,132.04,775858900.0,-0.72,3.18,155171780,5
2011-04-22,130.59,133.84,129.51,133.78,627087300.0,2.44,4.33,156771825,4
2011-04-29,133.68,136.57,133.2,136.43,595273300.0,2.06,3.37,119054660,5
2011-05-06,137.07,137.18,133.02,134.2,897019400.0,-2.09,4.16,179403880,5
2011-05-13,134.19,136.11,133.39,134.04,751471200.0,-0.11,2.72,150294240,5
2011-05-20,133.56,135.03,132.12,133.61,771663900.0,0.04,2.91,154332780,5
2011-05-27,131.98,133.87,131.38,133.51,752721600.0,1.16,2.49,150544320,5
2011-06-03,134.77,134.92,130.08,130.42,832982500.0,-3.23,4.84,208245625,4
2011-06-10,130.09,130.36,127.26,127.6,939901900.0,-1.91,3.1,187980380,5
2011-06-17,127.89,129.77,126.32,127.05,1210445900.0,-0.66,3.45,242089180,5
2011-06-24,126.62,129.81,126.19,126.81,1089755100.0,0.15,3.62,217951020,5
2011-07-01,126.89,134.1,126.64,133.92,1004464900.0,5.54,7.46,200892980,5
2011-07-08,133.78,135.7,133.11,134.4,673832300.0,0.46,2.59,168458075,4
2011-07-15,132.75,133.22,130.68,131.69,1060781500.0,-0.8,2.54,212156300,5
2011-07-22,131.08,134.82,129.63,134.58,871838100.0,2.67,5.19,174367620,5
2011-07-29,133.3,134.49,127.97,129.33,1031930400.0,-2.98,6.52,206386080,5
2011-08-05,130.84,130.96,116.86,120.08,2219616500.0,-8.22,14.1,443923300,5
2011-08-12,116.91,120.12,110.27,118.12,2884411300.0,1.03,9.85,576882260,5
2011-08-19,119.19,121.2,112.5,112.64,1732344500.0,-5.5,8.7,346468900,5
2011-08-26,115.17,119.4,112.41,117.97,1479958200.0,2.43,6.99,295991640,5
2011-09-02,119.56,123.51,117.43,117.85,1244224400.0,-1.43,6.08,248844880,5
2011-09-09,114.39,120.94,114.38,115.92,1125697000.0,1.34,6.56,281424250,4
2011-09-16,114.47,121.97,114.05,121.52,1509003200.0,6.16,7.92,301800640,5
2011-09-23,119.53,121.99,111.3,113.54,1597854300.0,-5.01,10.69,319570860,5
2011-09-30,114.61,119.56,112.98,113.15,1445625600.0,-1.27,6.58,289125120,5
2011-10-07,112.49,117.25,107.43,115.71,1678881000.0,2.86,9.82,335776200,5
2011-10-14,117.68,122.6,117.67,122.57,1145235600.0,4.16,4.93,229047120,5
2011-10-21,121.99,124.12,119.2,123.97,1288845800.0,1.62,4.92,257769160,5
2011-10-28,124.17,129.42,122.21,128.6,1379992900.0,3.57,7.21,275998580,5
2011-11-04,127.16,128.62,121.52,125.48,1430006500.0,-1.32,7.1,286001300,5
2011-11-11,125.39,128.02,122.86,126.66,1180816400.0,1.01,5.16,236163280,5
2011-11-18,126.19,127.45,121.23,121.98,1126550200.0,-3.34,6.22,225310040,5
2011-11-25,120.2,120.35,116.2,116.34,769992600.0,-3.21,4.15,192498150,4
2011-12-02,119.54,126.5,118.82,124.86,1132431500.0,4.45,7.68,226486300,5
2011-12-09,126.84,127.26,123.65,126.05,1091882700.0,-0.62,3.61,218376540,5
2011-12-16,124.95,125.57,121.3,121.59,1119195300.0,-2.69,4.27,223839060,5
2011-12-23,122.06,126.43,120.03,126.39,815204600.0,3.55,6.4,163040920,5
2011-12-30,126.17,126.82,124.73,125.5,424289000.0,-0.53,2.09,106072250,4
2012-01-06,127.76,128.38,126.43,127.71,642829400.0,-0.04,1.95,160707350,4
2012-01-13,128.0,129.7,127.41,128.84,625172800.0,0.66,2.29,125034560,5
2012-01-20,130.08,131.95,128.9,131.95,560163500.0,1.44,3.05,140040875,4
2012-01-27,131.51,133.4,130.6,131.82,751131900.0,0.24,2.8,150226380,5
2012-02-03,130.51,134.62,130.06,134.54,744447200.0,3.09,4.56,148889440,5
2012-02-10,133.98,135.59,133.64,134.36,699094400.0,0.28,1.95,139818880,5
2012-02-17,135.32,136.63,134.25,136.41,792803700.0,0.81,2.38,158560740,5
2012-02-24,136.73,137.2,135.5,136.93,501741000.0,0.15,1.7,125435250,4
2012-03-02,136.02,138.19,135.8,137.31,726681300.0,0.95,2.39,145336260,5
2012-03-09,137.1,137.93,134.36,137.57,726392800.0,0.34,3.57,145278560,5
2012-03-16,137.55,140.78,137.09,140.3,751269600.0,2.0,3.69,150253920,5
2012-03-23,140.21,141.28,138.55,139.65,625146900.0,-0.4,2.73,125029380,5
2012-03-30,140.65,141.83,139.09,140.81,689045100.0,0.11,2.74,137809020,5
2012-04-06,140.64,142.21,139.26,139.79,591883200.0,-0.6,2.95,147970800,4
2012-04-13,138.03,139.84,135.76,137.14,840617400.0,-0.64,4.08,168123480,5
2012-04-20,137.84,139.36,136.58,137.95,761453400.0,0.08,2.78,152290680,5
2012-04-27,136.54,140.79,135.94,140.39,726597900.0,2.82,4.85,145319580,5
2012-05-04,140.11,141.66,136.92,137.0,712692400.0,-2.22,4.74,142538480,5
2012-05-11,136.51,137.56,134.49,135.61,865528500.0,-0.66,3.07,173105700,5
2012-05-18,134.31,135.61,129.55,129.74,1146413600.0,-3.4,6.06,229282720,5
2012-05-25,130.16,133.23,129.95,132.1,883173900.0,1.49,3.28,176634780,5
2012-06-01,133.16,133.93,128.16,128.16,764680800.0,-3.75,5.77,191170200,4
2012-06-08,128.39,133.53,127.14,133.1,879586100.0,3.67,6.39,175917220,5
2012-06-15,134.17,134.26,131.16,134.14,923971800.0,-0.02,3.1,184794360,5
2012-06-22,133.58,136.25,132.33,133.46,810496700.0,-0.09,3.92,162099340,5
2012-06-29,132.05,136.27,130.85,136.1,777590700.0,3.07,5.42,155518140,5
2012-07-06,136.48,137.8,134.85,135.49,487344100.0,-0.73,2.95,121836025,4
2012-07-13,135.38,136.23,132.6,135.75,686624500.0,0.27,3.63,137324900,5
2012-07-20,135.44,138.18,134.55,136.47,622487000.0,0.76,3.63,124497400,5
2012-07-27,134.47,139.07,133.03,138.68,840929800.0,3.13,6.04,168185960,5
2012-08-03,138.52,139.64,135.58,139.35,723033300.0,0.6,4.06,144606660,5
2012-08-10,139.72,140.92,139.56,140.84,475710400.0,0.8,1.36,95142080,5
2012-08-17,140.6,142.3,140.04,142.18,455720100.0,1.12,2.26,91144020,5
2012-08-24,141.98,143.09,140.22,141.51,528027900.0,-0.33,2.87,105605580,5
2012-08-31,141.89,142.08,140.19,141.16,458457100.0,-0.51,1.89,91691420,5
2012-09-07,141.04,144.39,140.13,144.33,486431100.0,2.33,4.26,121607775,4
2012-09-14,144.19,148.11,143.46,147.24,658106600.0,2.12,4.65,131621320,5
2012-09-21,146.94,147.19,145.63,145.87,608820000.0,-0.73,1.56,121764000,5
2012-09-28,145.15,146.24,142.95,143.97,637875800.0,-0.81,3.29,127575160,5
2012-10-05,144.52,147.16,143.83,146.14,619770200.0,1.12,3.33,123954040,5
2012-10-12,145.6,146.12,142.58,142.89,599319200.0,-1.86,3.54,119863840,5
2012-10-19,143.23,146.52,142.77,143.39,679092400.0,0.11,3.75,135818480,5
2012-10-26,143.15,143.67,140.39,141.35,718295200.0,-1.26,3.28,143659040,5
2012-11-02,141.85,143.72,140.68,141.56,342136300.0,-0.2,3.04,114045433,3
2012-11-09,141.35,143.52,137.55,138.16,852323700.0,-2.26,5.97,170464740,5
2012-11-16,138.59,139.25,134.7,136.37,829813100.0,-1.6,4.55,165962620,5
2012-11-23,137.9,141.4,136.41,141.35,418423200.0,2.5,4.99,104605800,4
2012-11-30,140.65,142.51,139.0,142.15,693511300.0,1.07,3.51,138702260,5
2012-12-07,142.8,142.92,140.37,142.41,611416000.0,-0.27,2.55,122283200,5
2012-12-14,142.21,144.55,141.88,142.1,670707900.0,-0.08,2.67,134141580,5
2012-12-21,142.47,145.58,141.94,142.79,886267200.0,0.22,3.64,177253440,5
2012-12-28,142.48,142.71,139.87,140.03,477549600.0,-1.72,2.84,119387400,4
2013-01-04,139.66,146.61,139.54,146.37,697573700.0,4.8,7.07,174393425,4
2013-01-11,145.85,147.15,144.98,147.07,566665900.0,0.84,2.17,113333180,5
2013-01-18,146.89,148.49,146.2,148.33,591328800.0,0.98,2.29,118265760,5
2013-01-25,148.33,150.25,147.98,150.25,510031400.0,1.29,2.27,127507850,4
2013-02-01,150.29,151.42,149.51,151.24,596648600.0,0.63,1.91,119329720,5
2013-02-08,150.32,151.89,149.43,151.8,677372500.0,0.98,2.46,135474500,5
2013-02-15,151.74,152.61,151.39,152.11,517551100.0,0.24,1.22,103510220,5
2013-02-22,152.37,153.28,149.94,151.89,545293800.0,-0.32,3.34,136323450,4
2013-03-01,152.63,152.87,148.73,152.11,880703700.0,-0.34,4.14,176140740,5
2013-03-08,151.76,155.65,151.52,155.44,524491200.0,2.42,4.13,104898240,5
2013-03-15,155.32,156.8,155.13,155.83,546984500.0,0.33,1.67,109396900,5
2013-03-22,154.34,155.95,153.59,155.6,647799500.0,0.82,2.36,129559900,5
2013-03-29,156.01,156.85,154.35,156.67,441062300.0,0.42,2.5,110265575,4
2013-04-05,156.59,157.21,153.77,155.16,646416800.0,-0.91,3.44,129283360,5
2013-04-12,155.27,159.71,154.75,158.8,550706900.0,2.27,4.96,110141380,5
2013-04-19,158.0,158.13,153.55,155.48,908872400.0,-1.59,4.58,181774480,5
2013-04-26,155.78,159.27,154.75,158.24,596455400.0,1.58,4.52,119291080,5
2013-05-03,158.67,161.88,158.1,161.37,584067600.0,1.7,3.78,116813520,5
2013-05-10,161.49,163.7,161.42,163.41,464602100.0,1.19,2.28,92920420,5
2013-05-17,163.2,167.04,162.82,166.94,561277200.0,2.29,4.22,112255440,5
2013-05-24,166.78,169.07,163.94,165.31,787545500.0,-0.88,5.13,157509100,5
2013-05-31,167.04,167.78,163.13,163.45,588687100.0,-2.15,4.65,147171775,4
2013-06-07,163.83,165.1,160.25,164.8,926323300.0,0.59,4.85,185264660,5
2013-06-14,165.31,165.4,161.3,163.18,747319300.0,-1.29,4.1,149463860,5
2013-06-21,164.29,165.99,157.47,159.07,1050353400.0,-3.18,8.52,210070680,5
2013-06-28,157.41,161.82,155.73,160.42,809325800.0,1.91,6.09,161865160,5
2013-07-05,161.26,163.08,160.22,163.02,484451800.0,1.09,2.86,121112950,4
2013-07-12,163.86,167.93,163.08,167.51,588605500.0,2.23,4.85,117721100,5
2013-07-19,167.97,169.27,167.07,169.17,458478400.0,0.71,2.2,91695680,5
2013-07-26,169.41,169.86,167.52,169.11,492075500.0,-0.18,2.34,98415100,5
2013-08-02,168.68,170.97,168.11,170.95,508848400.0,1.35,2.86,101769680,5
2013-08-09,170.57,170.96,168.55,169.31,420361400.0,-0.74,2.41,84072280,5
2013-08-16,168.46,169.9,165.5,165.83,513028500.0,-1.56,4.4,102605700,5
2013-08-23,165.64,166.83,164.19,166.62,537622800.0,0.59,2.64,107524560,5
2013-08-30,166.79,167.3,163.05,163.65,610563900.0,-1.88,4.25,122112780,5
2013-09-06,165.23,166.98,163.7,166.04,462611500.0,0.49,3.28,115652875,4
2013-09-13,166.45,169.56,166.45,169.33,443889200.0,1.73,3.11,88777840,5
2013-09-20,171.16,173.6,170.04,170.72,671767100.0,-0.26,3.56,134353420,5
2013-09-27,170.49,170.65,168.47,168.91,504544800.0,-0.93,2.18,100908960,5
2013-10-04,167.48,169.5,166.84,168.89,658023000.0,0.84,2.66,131604600,5
2013-10-11,167.42,170.32,164.53,170.26,744278000.0,1.7,5.79,148855600,5
2013-10-18,169.21,174.51,169.08,174.39,696972000.0,3.06,5.43,139394400,5
2013-10-25,174.45,176.0,173.96,175.95,500226000.0,0.86,2.04,100045200,5
2013-11-01,175.89,177.51,175.22,176.21,588982000.0,0.18,2.29,117796400,5
2013-11-08,176.69,177.64,174.76,177.29,552563000.0,0.34,2.88,110512600,5
2013-11-15,177.12,180.12,176.09,180.05,456701000.0,1.65,4.03,91340200,5
2013-11-22,180.35,180.83,177.98,180.81,497733000.0,0.26,2.85,99546600,5
2013-11-29,181.13,181.75,180.37,181.0,281150900.0,-0.07,1.38,70287725,4
2013-12-06,181.09,181.43,178.35,180.94,573984000.0,-0.08,3.08,114796800,5
2013-12-13,181.47,181.67,177.76,178.11,505064000.0,-1.85,3.91,101012800,5
2013-12-20,178.95,181.99,177.32,181.56,754605200.0,1.46,4.67,150921040,5
2013-12-27,182.45,184.18,182.07,183.85,256145800.0,0.77,2.11,64036450,4
2014-01-03,183.87,184.69,182.48,182.89,344004400.0,-0.53,2.21,86001100,4
2014-01-10,183.49,184.22,182.08,184.14,483464500.0,0.35,2.14,96692900,5
2014-01-17,183.67,184.94,181.34,183.64,533573200.0,-0.02,3.6,106714640,5
2014-01-24,184.7,184.77,178.83,178.89,491066100.0,-3.15,5.94,122766525,4
2014-01-31,179.06,179.81,176.88,178.18,821519600.0,-0.49,2.93,164303920,5
2014-02-07,177.97,179.87,173.71,179.68,887744800.0,0.96,6.16,177548960,5
2014-02-14,179.7,184.36,179.21,184.02,501791200.0,2.4,5.15,100358240,5
2014-02-21,184.18,184.95,182.6,183.89,430099700.0,-0.16,2.35,107524925,4
2014-02-28,184.28,187.15,184.2,186.29,574548900.0,1.09,2.95,114909780,5
2014-03-07,184.65,188.96,183.75,188.26,620701300.0,1.96,5.21,124140260,5
2014-03-14,187.97,188.71,184.44,184.66,587706600.0,-1.76,4.27,117541320,5
2014-03-21,185.59,189.02,185.47,186.2,656800400.0,0.33,3.55,131360080,5
2014-03-28,186.84,187.34,183.9,185.49,589131000.0,-0.72,3.44,117826200,5
2014-04-04,186.67,189.7,185.52,186.4,514528000.0,-0.14,4.18,102905600,5
2014-04-11,185.95,187.17,181.31,181.51,693927000.0,-2.39,5.86,138785400,5
2014-04-18,182.93,186.91,181.44,186.39,499927000.0,1.89,5.47,124981750,4
2014-04-25,186.44,188.4,185.87,186.29,416538000.0,-0.08,2.53,83307600,5
2014-05-02,187.05,189.14,184.96,188.06,511868000.0,0.54,4.18,102373600,5
2014-05-09,187.14,189.05,186.01,187.96,445134000.0,0.44,3.04,89026800,5
2014-05-16,188.8,190.42,186.48,188.05,478175000.0,-0.4,3.94,95635000,5
2014-05-23,187.69,190.48,187.07,190.35,387217800.0,1.42,3.41,77443560,5
2014-05-30,191.06,192.8,190.95,192.68,279426000.0,0.85,1.85,69856500,4
2014-06-06,192.95,195.43,191.97,195.38,356031000.0,1.26,3.46,71206200,5
2014-06-13,195.35,196.05,193.11,194.13,379387000.0,-0.62,2.94,75877400,5
2014-06-20,193.89,196.6,193.66,195.94,464041000.0,1.06,2.94,92808200,5
2014-06-27,195.99,196.5,194.13,195.82,405387100.0,-0.09,2.37,81077420,5
2014-07-04,195.7,198.29,195.53,198.2,266085000.0,1.28,2.76,66521250,4
2014-07-11,197.82,197.98,195.06,196.61,406114000.0,-0.61,2.92,81222800,5
2014-07-18,197.61,198.26,195.43,197.71,519679400.0,0.05,2.83,103935880,5
2014-07-25,197.09,199.06,196.43,197.72,334607000.0,0.32,2.63,66921400,5
2014-08-01,197.76,198.45,191.57,192.5,626687000.0,-2.66,6.88,125337400,5
2014-08-08,192.87,194.3,190.55,193.24,591595000.0,0.19,3.75,118319000,5
2014-08-15,193.97,196.65,192.94,195.72,414545000.0,0.9,3.71,82909000,5
2014-08-22,196.8,199.76,196.69,199.19,351220000.0,1.21,3.07,70244000,5
2014-08-29,200.14,200.82,199.15,200.71,283264000.0,0.28,1.67,56652800,5
2014-09-05,200.97,201.58,199.41,201.11,317301000.0,0.07,2.17,79325250,4
2014-09-12,200.92,201.21,198.56,199.13,404171700.0,-0.89,2.65,80834340,5
2014-09-19,199.16,201.9,198.38,200.7,560507000.0,0.77,3.52,112101400,5
2014-09-26,200.35,200.38,196.27,197.9,598069000.0,-1.22,4.11,119613800,5
2014-10-03,196.2,198.3,192.35,196.52,683066000.0,0.16,5.95,136613200,5
2014-10-10,197.34,197.6,190.49,190.54,871766000.0,-3.45,7.11,174353200,5
2014-10-17,190.46,191.15,181.92,188.47,1312517000.0,-1.04,9.23,262503400,5
2014-10-24,188.13,196.49,188.07,196.43,709653000.0,4.41,8.42,141930600,5
2014-10-31,195.73,201.82,195.03,201.66,592480000.0,3.03,6.79,118496000,5
2014-11-07,201.92,203.6,200.06,203.34,475281000.0,0.7,3.54,95056200,5
2014-11-14,203.38,204.83,203.13,204.24,376714100.0,0.42,1.7,75342820,5
2014-11-21,203.85,207.84,203.65,206.68,454049700.0,1.39,4.19,90809940,5
2014-11-28,207.17,207.87,206.8,207.2,265047000.0,0.01,1.07,66261750,4
2014-12-05,206.4,208.47,205.38,208.0,429769700.0,0.78,3.09,85953940,5
2014-12-12,207.52,208.12,200.85,200.89,754967700.0,-3.19,7.27,150993540,5
2014-12-19,201.98,212.97,197.86,206.52,1206138200.0,2.25,15.11,241227640,5
2014-12-26,206.75,208.85,206.46,208.44,370776900.0,0.82,2.39,92694225,4
2015-01-02,208.22,208.97,204.18,205.43,404984400.0,-1.34,4.79,101246100,4
2015-01-09,204.17,206.42,198.86,204.25,809915800.0,0.04,7.56,161983160,5
2015-01-16,204.41,205.48,198.55,201.63,940434000.0,-1.36,6.93,188086800,5
2015-01-23,202.4,206.26,200.17,204.97,545806600.0,1.27,6.09,136451650,4
2015-01-30,204.71,205.56,198.68,199.45,765883700.0,-2.57,6.88,153176740,5
2015-02-06,200.05,207.24,197.86,205.55,645251800.0,2.75,9.38,129050360,5
2015-02-13,204.77,209.84,204.14,209.78,465687300.0,2.45,5.7,93137460,5
2015-02-20,209.4,211.33,208.73,211.24,389980000.0,0.88,2.6,97495000,4
2015-02-27,210.94,212.24,210.48,210.66,400719000.0,-0.13,1.76,80143800,5
2015-03-06,210.78,212.06,207.1,207.5,577315400.0,-1.56,4.96,115463080,5
2015-03-13,207.74,208.79,204.4,205.83,613490300.0,-0.92,4.39,122698060,5
2015-03-20,206.71,211.27,205.86,210.41,755050500.0,1.79,5.41,151010100,5
2015-03-27,210.42,211.11,204.12,205.74,581117700.0,-2.22,6.99,116223540,5
2015-04-03,206.98,208.61,204.51,206.44,447153600.0,-0.26,4.1,111788400,4
2015-04-10,205.37,210.09,205.21,210.04,443228200.0,2.27,4.88,88645640,5
2015-04-17,209.87,211.04,207.01,207.95,509113900.0,-0.91,4.03,101822780,5
2015-04-24,209.06,211.97,208.9,211.65,406927200.0,1.24,3.07,81385440,5
2015-05-01,212.33,212.48,207.62,210.72,556611100.0,-0.76,4.86,111322220,5
2015-05-08,211.23,212.02,206.76,211.62,563435800.0,0.18,5.26,112687160,5
2015-05-15,211.57,212.61,208.62,212.44,462547700.0,0.41,3.99,92509540,5
2015-05-22,212.24,213.78,212.16,212.99,345719900.0,0.35,1.62,69143980,5
2015-05-29,212.4,212.98,210.2,211.14,417416800.0,-0.59,2.78,104354200,4
2015-06-05,211.94,212.67,208.98,209.77,546278200.0,-1.02,3.69,109255640,5
2015-06-12,209.64,212.09,207.69,210.01,537908100.0,0.18,4.4,107581620,5
2015-06-19,208.64,213.34,207.79,210.81,632747600.0,1.04,5.55,126549520,5
2015-06-26,211.91,212.59,209.16,209.82,432762300.0,-0.99,3.43,86552460,5
2015-07-03,208.05,209.83,205.28,207.31,625900000.0,-0.36,4.55,156475000,4
2015-07-10,205.77,208.17,204.11,207.48,729385700.0,0.83,4.06,145877140,5
2015-07-17,208.99,212.55,208.94,212.48,481406400.0,1.67,3.61,96281280,5
2015-07-24,212.75,213.18,207.6,208.0,445343800.0,-2.23,5.58,89068760,5
2015-07-31,206.94,211.45,206.26,210.5,556268500.0,1.72,5.19,111253700,5
2015-08-07,210.46,211.31,206.87,207.95,515462100.0,-1.19,4.44,103092420,5
2015-08-14,209.28,210.67,205.36,209.42,540645600.0,0.07,5.31,108129120,5
2015-08-21,208.71,210.68,197.52,197.83,864627700.0,-5.21,13.16,172925540,5
2015-08-28,187.49,199.84,182.4,199.28,1650892700.0,6.29,17.44,330178540,5
2015-09-04,198.11,199.13,190.73,192.59,938737300.0,-2.79,8.4,187747460,5
2015-09-11,195.94,199.47,194.25,196.74,543675700.0,0.41,5.22,135918925,4
2015-09-18,196.95,202.89,194.96,195.45,792543900.0,-0.76,7.93,158508780,5
2015-09-25,196.44,197.68,190.56,192.85,666841300.0,-1.83,7.12,133368260,5
2015-10-02,191.78,195.03,186.93,195.0,843095800.0,1.68,8.1,168619160,5
2015-10-09,196.46,201.9,196.33,201.33,621027000.0,2.48,5.57,124205400,5
2015-10-16,201.42,203.29,198.94,203.27,492262800.0,0.92,4.35,98452560,5
2015-10-23,202.5,207.95,201.65,207.51,576364400.0,2.47,6.3,115272880,5
2015-10-30,207.3,209.44,205.79,207.93,504447900.0,0.3,3.65,100889580,5
2015-11-06,208.32,211.66,208.17,210.04,466621600.0,0.83,3.49,93324320,5
2015-11-13,209.31,209.49,202.44,202.54,549621600.0,-3.23,7.05,109924320,5
2015-11-20,202.32,210.12,202.18,209.31,542343400.0,3.45,7.94,108468680,5
2015-11-27,209.38,209.98,207.41,209.56,253103500.0,0.09,2.57,63275875,4
2015-12-04,209.75,211.0,204.75,209.62,678260500.0,-0.06,6.25,135652100,5
2015-12-11,209.23,209.73,201.51,201.88,695103200.0,-3.51,8.22,139020640,5
2015-12-18,202.07,208.48,199.83,200.02,957957800.0,-1.01,8.65,191591560,5
2015-12-25,201.41,206.33,200.09,205.68,369647300.0,2.12,6.24,92411825,4
2016-01-01,204.86,207.79,203.87,203.87,336736200.0,-0.48,3.92,84184050,4
2016-01-08,200.49,201.9,191.58,191.92,908565200.0,-4.27,10.32,181713040,5
2016-01-15,193.01,194.86,185.52,187.81,1147082700.0,-2.69,9.34,229416540,5
2016-01-22,189.96,190.76,181.02,190.52,845884700.0,0.29,9.74,211471175,4
2016-01-29,189.92,193.88,187.06,193.72,811418300.0,2.0,6.82,162283660,5
2016-02-05,192.53,194.58,187.1,187.95,844001500.0,-2.38,7.48,168800300,5
2016-02-12,185.77,188.34,181.09,186.63,870945200.0,0.46,7.25,174189040,5
2016-02-19,188.77,193.32,187.63,192.0,473396200.0,1.71,5.69,118349050,4
2016-02-26,193.87,196.68,189.32,195.09,606469800.0,0.63,7.36,121293960,5
2016-03-04,195.11,201.35,193.33,200.43,594598600.0,2.73,8.02,118919720,5
2016-03-11,199.34,202.81,197.38,202.76,613798300.0,1.72,5.43,122759660,5
2016-03-18,202.16,205.23,201.05,204.38,568735200.0,1.1,4.18,113747040,5
2016-03-25,204.07,205.23,201.74,203.12,335812000.0,-0.47,3.49,83953000,4
2016-04-01,203.61,207.14,202.4,206.92,450704000.0,1.63,4.74,90140800,5
2016-04-08,206.83,207.07,203.09,204.5,463898600.0,-1.13,3.98,92779720,5
2016-04-15,205.25,208.6,203.7,207.78,436419000.0,1.23,4.9,87283800,5
2016-04-22,207.78,210.92,207.0,208.97,436894100.0,0.57,3.92,87378820,5
2016-04-29,208.26,209.81,205.03,206.33,459000400.0,-0.93,4.78,91800080,5
2016-05-06,206.92,208.18,203.88,205.72,417788100.0,-0.58,4.3,83557620,5
2016-05-13,205.57,208.54,204.38,204.76,419635000.0,-0.39,4.16,83927000,5
2016-05-20,204.96,207.34,202.78,205.49,532894700.0,0.26,4.56,106578940,5
2016-05-27,205.51,210.25,204.99,210.24,348333700.0,2.3,5.26,69666740,5
2016-06-03,210.56,210.93,208.86,210.28,344617400.0,-0.13,2.07,86154350,4
2016-06-10,210.7,212.52,209.43,210.07,379648800.0,-0.3,3.09,75929760,5
2016-06-17,209.36,210.37,205.59,206.52,618523800.0,-1.36,4.78,123704760,5
2016-06-24,208.82,210.87,202.72,203.24,686987600.0,-2.67,8.15,137397520,5
2016-07-01,201.59,210.49,198.65,209.92,798564000.0,4.13,11.84,159712800,5
2016-07-08,208.95,212.94,207.06,212.65,425390000.0,1.77,5.88,106347500,4
2016-07-15,213.19,217.01,212.95,215.83,460619900.0,1.24,4.06,92123980,5
2016-07-22,215.97,217.37,215.63,217.24,301795900.0,0.59,1.74,60359180,5
2016-07-29,217.0,217.54,215.62,217.12,354592600.0,0.06,1.92,70918520,5
2016-08-05,217.19,218.23,214.25,218.18,338078200.0,0.46,3.98,67615640,5
2016-08-12,218.4,218.94,217.23,218.46,282917100.0,0.03,1.71,56583420,5
2016-08-19,218.89,219.5,217.02,218.54,306593700.0,-0.16,2.48,61318740,5
2016-08-26,218.26,219.6,216.25,217.29,378228000.0,-0.44,3.35,75645600,5
2016-09-02,217.44,218.87,216.03,218.37,391024300.0,0.43,2.84,78204860,5
2016-09-09,218.7,219.22,213.25,213.28,428949000.0,-2.48,5.97,107237250,4
2016-09-16,212.39,216.81,212.31,213.37,774789500.0,0.46,4.5,154957900,5
2016-09-23,214.13,217.53,213.03,215.99,410509800.0,0.87,4.5,82101960,5
2016-09-30,215.02,217.12,213.62,216.3,501006600.0,0.6,3.5,100201320,5
2016-10-07,215.82,216.3,213.99,215.04,428991900.0,-0.36,2.31,85798380,5
2016-10-14,216.16,216.7,211.21,213.12,450791700.0,-1.41,5.49,90158340,5
2016-10-21,213.09,214.64,212.17,213.98,364393500.0,0.42,2.47,72878700,5
2016-10-28,215.0,215.32,211.71,212.54,420237800.0,-1.14,3.61,84047560,5
2016-11-04,212.93,213.19,208.38,208.55,485446500.0,-2.06,4.81,97089300,5
2016-11-11,208.55,218.31,208.55,216.42,747662000.0,3.77,9.76,149532400,5
2016-11-18,217.03,219.27,215.72,218.5,407913300.0,0.68,3.55,81582660,5
2016-11-25,219.17,221.56,219.0,221.52,234324100.0,1.07,2.56,58581025,4
2016-12-02,221.16,221.82,219.15,219.68,413631800.0,-0.67,2.67,82726360,5
2016-12-09,220.65,226.53,220.42,226.51,426173500.0,2.66,6.11,85234700,5
2016-12-16,226.4,228.34,224.67,225.04,636388200.0,-0.6,3.67,127277640,5
2016-12-23,225.25,226.57,224.92,225.71,341005800.0,0.2,1.65,68201160,5
2016-12-30,226.02,226.73,222.73,223.53,264461900.0,-1.1,4.0,66115475,4
2017-01-06,225.04,227.75,223.88,227.21,320049800.0,0.96,3.87,80012450,4
2017-01-13,226.91,227.45,224.96,227.05,320192700.0,0.06,2.49,64038540,5
2017-01-20,226.31,227.31,225.41,226.74,311811500.0,0.19,1.9,77952875,4
2017-01-27,226.74,229.71,225.27,228.97,374736400.0,0.98,4.44,74947280,5
2017-02-03,228.17,229.55,226.32,229.34,384956600.0,0.51,3.23,76991320,5
2017-02-10,228.87,231.77,228.31,231.51,299258600.0,1.15,3.46,59851720,5
2017-02-17,232.08,235.16,232.05,235.09,375003400.0,1.3,3.11,75000680,5
2017-02-24,235.52,236.9,235.41,236.74,308058800.0,0.52,1.49,77014700,4
2017-03-03,236.64,240.32,236.02,238.42,454855800.0,0.75,4.3,90971160,5
2017-03-10,237.5,238.12,235.74,237.69,371339600.0,0.08,2.38,74267920,5
2017-03-17,237.62,239.44,236.19,237.03,380565500.0,-0.25,3.25,76113100,5
2017-03-24,237.03,237.61,232.96,233.86,494830700.0,-1.34,4.65,98966140,5
2017-03-31,231.93,236.52,231.61,235.74,373359800.0,1.64,4.91,74671960,5
2017-04-07,235.8,237.39,233.91,235.2,394361400.0,-0.25,3.48,78872280,5
2017-04-14,235.36,236.26,232.51,232.51,330405400.0,-1.21,3.75,82601350,4
2017-04-21,233.11,235.85,232.88,234.59,423293100.0,0.63,2.97,84658620,5
2017-04-28,237.18,239.53,234.56,238.08,401553800.0,0.38,4.97,80310760,5
2017-05-05,238.68,239.72,237.7,239.7,320859900.0,0.43,2.02,64171980,5
2017-05-12,239.75,240.19,238.13,238.98,270313700.0,-0.32,2.06,54062740,5
2017-05-19,239.47,240.67,235.43,238.31,507393900.0,-0.48,5.24,101478780,5
2017-05-26,238.9,242.08,238.82,241.71,266981600.0,1.18,3.26,53396320,5
2017-06-02,241.34,244.35,240.64,244.17,284626000.0,1.17,3.71,71156500,4
2017-06-09,243.97,245.01,241.95,243.41,347425600.0,-0.23,3.06,69485120,5
2017-06-16,243.13,244.87,241.63,242.64,375795400.0,-0.2,3.24,75159080,5
2017-06-23,243.59,244.73,242.41,243.13,289142700.0,-0.19,2.32,57828540,5
2017-06-30,243.9,244.38,239.96,241.8,402761200.0,-0.86,4.42,80552240,5
2017-07-07,242.88,243.38,240.34,242.11,216954500.0,-0.32,3.04,54238625,4
2017-07-14,242.11,245.97,240.85,245.56,246362600.0,1.42,5.12,49272520,5
2017-07-21,245.47,247.42,244.67,246.88,256784700.0,0.57,2.75,51356940,5
2017-07-28,246.79,248.0,245.68,246.91,269968300.0,0.05,2.32,53993660,5
2017-08-04,247.37,247.79,246.37,247.41,269148100.0,0.02,1.42,53829620,5
2017-08-11,247.49,248.91,243.7,244.12,351696400.0,-1.36,5.21,70339280,5
2017-08-18,245.59,247.57,242.2,242.71,450488500.0,-1.17,5.37,90097700,5
2017-08-25,242.64,245.62,241.83,244.56,294001200.0,0.79,3.79,58800240,5
2017-09-01,245.17,248.33,242.93,247.84,319543000.0,1.09,5.4,63908600,5
2017-09-08,247.26,247.52,244.95,246.58,271183200.0,-0.28,2.57,67795800,4
2017-09-15,248.04,250.32,248.02,249.19,378367500.0,0.46,2.3,75673500,5
2017-09-22,249.61,250.19,248.92,249.44,252342800.0,-0.07,1.27,50468560,5
2017-09-29,249.15,251.32,248.08,251.23,322504600.0,0.83,3.24,64500920,5
2017-10-06,251.49,254.7,251.29,254.37,325955600.0,1.15,3.41,65191120,5
2017-10-13,254.63,255.27,253.65,254.95,228400300.0,0.13,1.62,45680060,5
2017-10-20,255.21,257.14,254.35,257.11,261751200.0,0.74,2.79,52350240,5
2017-10-27,257.48,257.89,254.0,257.71,389927000.0,0.09,3.89,77985400,5
2017-11-03,256.47,258.5,256.19,258.45,284832400.0,0.77,2.31,56966480,5
2017-11-10,258.3,259.35,256.36,258.09,312694600.0,-0.08,2.99,62538920,5
2017-11-17,257.31,259.04,255.63,257.86,335889100.0,0.21,3.41,67177820,5
2017-11-24,258.14,260.48,257.86,260.36,190142200.0,0.86,2.62,47535550,4
2017-12-01,260.41,266.05,260.0,264.46,521044000.0,1.56,6.05,104208800,5
2017-12-08,266.31,266.8,262.71,265.51,401716200.0,-0.3,4.09,80343240,5
2017-12-15,266.31,267.56,265.39,266.51,516455700.0,0.08,2.17,103291140,5
2017-12-22,268.1,268.6,266.69,267.51,388541200.0,-0.22,1.91,77708240,5
2017-12-29,267.05,268.55,266.64,266.86,244118900.0,-0.07,1.91,61029725,4
2018-01-05,267.84,273.56,267.4,273.42,340886500.0,2.08,6.16,85221625,4
2018-01-12,273.31,278.11,272.92,277.92,337325100.0,1.69,5.19,67465020,5
2018-01-19,279.35,280.41,276.18,280.41,461462000.0,0.38,4.23,115365500,4
2018-01-26,280.17,286.63,280.11,286.58,515553600.0,2.29,6.52,103110720,5
2018-02-02,285.93,286.43,275.41,275.45,593556800.0,-3.67,11.02,118711360,5
2018-02-09,273.45,275.85,252.92,261.5,1347099500.0,-4.37,22.93,269419900,5
2018-02-16,263.83,275.32,261.66,273.11,617315700.0,3.52,13.66,123463140,5
2018-02-23,272.03,274.72,269.64,274.71,388531100.0,0.99,5.08,97132775,4
2018-03-02,275.93,278.92,264.82,269.08,623436700.0,-2.48,14.1,124687340,5
2018-03-09,267.73,278.87,267.61,278.87,444110600.0,4.16,11.26,88822120,5
2018-03-16,279.2,280.41,274.14,274.2,453565500.0,-1.79,6.27,90713100,5
2018-03-23,273.35,274.4,257.83,258.05,579996000.0,-5.6,16.57,115999200,5
2018-03-30,262.13,266.77,258.58,263.15,529951400.0,0.39,8.19,132487850,4
2018-04-06,262.55,266.64,254.67,259.72,692132300.0,-1.08,11.97,138426460,5
2018-04-13,261.37,267.54,259.94,265.15,454081800.0,1.45,7.6,90816360,5
2018-04-20,267.0,271.3,265.61,266.61,363000200.0,-0.15,5.69,72600040,5
2018-04-27,267.26,267.98,260.85,266.56,407069900.0,-0.26,7.13,81413980,5
2018-05-04,267.26,267.89,259.05,266.02,470288200.0,-0.46,8.84,94057640,5
2018-05-11,266.89,273.15,265.15,272.85,314405600.0,2.23,8.0,62881120,5
2018-05-18,273.34,274.08,270.03,271.33,316673700.0,-0.74,4.05,63334740,5
2018-05-25,273.01,274.25,270.78,272.15,308105100.0,-0.32,3.47,61621020,5
2018-06-01,270.31,273.94,267.76,273.6,350365300.0,1.22,6.18,87591325,4
2018-06-08,274.53,278.28,274.18,278.19,304361500.0,1.33,4.1,60872300,5
2018-06-15,278.44,279.48,275.35,277.13,407431300.0,-0.47,4.13,81486260,5
2018-06-22,275.49,276.72,273.53,274.74,330194500.0,-0.27,3.19,66038900,5
2018-06-29,273.44,273.87,268.49,271.28,485755300.0,-0.79,5.38,97151060,5
2018-07-06,269.51,275.84,269.24,275.42,229161500.0,2.19,6.6,57290375,4
2018-07-13,276.55,279.93,276.5,279.59,287912600.0,1.1,3.43,57582520,5
2018-07-20,279.64,281.18,278.41,279.68,288859800.0,0.01,2.77,57771960,5
2018-07-27,279.45,284.37,279.06,281.42,328645600.0,0.7,5.31,65729120,5
2018-08-03,281.51,283.66,279.16,283.6,303528100.0,0.74,4.5,60705620,5
2018-08-10,283.64,286.01,282.36,283.16,237505100.0,-0.17,3.65,47501020,5
2018-08-17,283.47,285.56,280.16,285.06,348086700.0,0.56,5.4,69617340,5
2018-08-24,285.57,287.67,285.06,287.51,258765100.0,0.68,2.61,51753020,5
2018-08-31,288.86,291.74,288.68,290.31,292871700.0,0.5,3.06,58574340,5
2018-09-07,289.84,290.21,286.71,287.6,269481500.0,-0.77,3.5,67370375,4
2018-09-14,288.74,291.27,286.98,290.88,266666300.0,0.74,4.29,53333260,5
2018-09-21,290.82,293.94,289.03,291.99,385095300.0,0.4,4.91,77019060,5
2018-09-28,291.34,292.24,289.41,290.72,306860200.0,-0.21,2.83,61372040,5
2018-10-05,292.11,293.21,286.22,287.82,391529300.0,-1.47,6.99,78305860,5
2018-10-12,287.05,288.86,270.36,275.95,834839200.0,-3.87,18.5,166967840,5
2018-10-19,275.55,281.15,274.3,276.25,605604600.0,0.25,6.85,121120920,5
2018-10-26,277.0,277.36,262.29,265.33,746211300.0,-4.21,15.07,149242260,5
2018-11-02,268.8,275.23,259.85,271.89,668290500.0,1.15,15.38,133658100,5
2018-11-09,272.44,281.22,271.35,277.76,392858000.0,1.95,9.87,78571600,5
2018-11-16,277.19,277.46,267.01,273.73,584955500.0,-1.25,10.45,116991100,5
2018-11-23,273.05,273.38,263.07,263.25,357454600.0,-3.59,10.31,89363650,4
2018-11-30,265.78,276.28,265.34,275.65,463664000.0,3.71,10.94,92732800,5
2018-12-07,280.28,280.4,262.44,263.57,646366600.0,-5.96,17.96,161591650,4
2018-12-14,263.37,269.0,258.62,260.47,584550800.0,-1.1,10.38,116910160,5
2018-12-21,259.4,260.65,239.98,240.7,1022399200.0,-7.21,20.67,204479840,5
2018-12-28,239.04,251.4,233.76,247.75,705164500.0,3.64,17.64,176291125,4
2019-01-04,249.56,253.11,243.67,252.39,557994100.0,1.13,9.44,139498525,4
2019-01-11,252.69,259.16,251.69,258.98,471340300.0,2.49,7.47,94268060,5
2019-01-18,256.86,266.98,256.41,266.46,457771900.0,3.74,10.57,91554380,5
2019-01-25,264.82,266.7,260.66,265.78,357649000.0,0.36,6.04,89412250,4
2019-02-01,263.39,271.2,261.79,270.06,434018300.0,2.53,9.41,86803660,5
2019-02-08,270.11,273.44,267.83,270.47,369916300.0,0.13,5.61,73983260,5
2019-02-15,271.2,277.41,270.03,277.37,385891900.0,2.28,7.38,77178380,5
2019-02-22,276.48,279.36,276.35,279.14,278060900.0,0.96,3.01,69515225,4
2019-03-01,280.73,281.31,277.48,280.42,330945200.0,-0.11,3.83,66189040,5
2019-03-08,281.6,281.87,272.42,274.46,421329900.0,-2.54,9.45,84265980,5
2019-03-15,275.26,282.38,275.23,281.31,374233000.0,2.2,7.15,74846600,5
2019-03-22,281.55,285.18,279.18,279.25,439286800.0,-0.82,6.0,87857360,5
2019-03-29,278.87,282.84,277.64,282.48,364351100.0,1.29,5.2,72870220,5
2019-04-05,284.7,288.63,284.4,288.57,293550700.0,1.36,4.23,58710140,5
2019-04-12,288.1,290.47,286.7,290.16,297131000.0,0.72,3.77,59426200,5
2019-04-19,290.24,291.43,288.66,290.02,228726700.0,-0.08,2.77,57181675,4
2019-04-26,289.17,293.49,289.07,293.41,251486900.0,1.47,4.42,50297380,5
2019-05-03,293.51,294.95,289.52,294.03,331555200.0,0.18,5.43,66311040,5
2019-05-10,289.25,293.31,282.3,288.1,559396700.0,-0.4,11.01,111879340,5
2019-05-17,282.42,289.21,279.93,285.84,455352700.0,1.21,9.28,91070540,5
2019-05-24,284.06,286.93,280.57,282.78,313209100.0,-0.45,6.36,62641820,5
2019-05-31,283.09,284.15,275.24,275.27,324388900.0,-2.76,8.91,81097225,4
2019-06-07,275.31,288.85,273.09,287.65,388532200.0,4.48,15.76,77706440,5
2019-06-14,289.37,291.4,287.82,289.26,267806600.0,-0.04,3.58,53561320,5
2019-06-21,289.52,296.31,289.18,294.0,403194400.0,1.55,7.13,80638880,5
2019-06-28,294.23,294.58,290.35,293.0,280902400.0,-0.42,4.23,56180480,5
2019-07-05,296.68,298.82,294.33,298.46,232786300.0,0.6,4.49,58196575,4
2019-07-12,297.01,300.73,295.48,300.65,236543700.0,1.23,5.25,47308740,5
2019-07-19,301.13,301.13,296.7,297.17,216657600.0,-1.32,4.43,43331520,5
2019-07-26,297.61,302.23,297.04,302.01,235894000.0,1.48,5.19,47178800,5
2019-08-02,301.88,302.01,290.9,292.62,447617000.0,-3.07,11.11,89523400,5
2019-08-09,288.09,293.62,281.72,291.62,621473300.0,1.23,11.9,124294660,5
2019-08-16,289.96,294.15,282.39,288.85,478024400.0,-0.38,11.76,95604880,5
2019-08-23,292.19,293.93,283.47,284.85,355520800.0,-2.51,10.46,71104160,5
2019-08-30,287.27,294.24,285.25,292.45,319590000.0,1.8,8.99,63918000,5
2019-09-06,290.57,298.83,289.27,298.05,248831100.0,2.57,9.56,62207775,4
2019-09-13,299.14,302.46,295.97,301.09,313042000.0,0.65,6.49,62608400,5
2019-09-20,299.84,302.63,297.41,298.28,339168000.0,-0.52,5.22,67833600,5
2019-09-27,297.55,299.84,293.69,295.4,351126500.0,-0.72,6.15,70225300,5
2019-10-04,295.97,298.46,284.82,294.35,412814300.0,-0.55,13.64,82562860,5
2019-10-11,293.47,298.74,288.49,296.28,371694700.0,0.96,10.25,74338940,5
2019-10-18,295.93,300.24,295.57,297.97,246118100.0,0.69,4.67,49223620,5
2019-10-25,299.42,302.2,298.5,301.6,202654000.0,0.73,3.7,40530800,5
2019-11-01,302.94,306.19,301.73,306.14,276271100.0,1.06,4.46,55254220,5
2019-11-08,307.85,309.65,306.06,308.94,253331600.0,0.35,3.59,50666320,5
2019-11-15,307.42,311.84,307.27,311.79,249443100.0,1.42,4.57,49888620,5
2019-11-22,311.53,312.69,309.06,310.96,295953800.0,-0.18,3.63,59190760,5
2019-11-29,311.98,315.48,311.98,314.31,167253500.0,0.75,3.5,41813375,4
2019-12-06,314.59,315.31,307.13,314.87,288425500.0,0.09,8.18,57685100,5
2019-12-13,314.44,318.67,312.81,317.32,318810900.0,0.92,5.86,63762180,5
2019-12-20,319.22,321.97,317.25,320.73,424433000.0,0.47,4.72,84886600,5
2019-12-27,321.59,323.8,320.9,322.86,146700000.0,0.39,2.9,36675000,4
2020-01-03,322.95,324.89,320.15,322.41,243667300.0,-0.17,4.74,60916825,4
2020-01-10,320.49,327.46,320.36,325.71,265948900.0,1.63,7.1,53189780,5
2020-01-17,326.39,332.18,325.92,331.95,331872500.0,1.7,6.26,66374500,5
2020-01-24,330.9,332.95,327.36,328.77,266198700.0,-0.64,5.59,66549675,4
2020-01-31,323.03,328.63,320.73,321.73,391122800.0,-0.4,7.9,78224560,5
2020-02-07,323.35,334.19,323.22,332.2,312106400.0,2.74,10.97,62421280,5
2020-02-14,331.23,338.12,331.19,337.6,260011300.0,1.92,6.93,52002260,5
2020-02-21,336.51,339.08,332.58,333.48,293992500.0,-0.9,6.5,73498125,4
2020-02-28,323.14,333.56,285.54,296.26,1244104700.0,-8.32,48.02,248820940,5
2020-03-06,298.21,313.84,290.23,297.46,1130490100.0,-0.25,23.61,226098020,5
2020-03-13,275.3,288.52,247.68,269.32,1562964500.0,-2.17,40.84,312592900,5
2020-03-20,241.18,256.9,228.02,228.8,1523388400.0,-5.13,28.88,304677680,5
2020-03-27,228.19,262.8,218.26,253.42,1342924000.0,11.06,44.54,268584800,5
2020-04-03,255.7,263.33,243.9,248.19,869026800.0,-2.94,19.43,173805360,5
2020-04-10,257.84,281.2,248.17,278.2,733262100.0,7.9,33.03,183315525,4
2020-04-17,277.14,287.3,271.41,286.64,649240600.0,3.43,15.89,129848120,5
2020-04-24,282.61,286.79,272.02,282.97,509219500.0,0.13,14.77,101843900,5
2020-05-01,285.12,294.88,281.52,282.79,549993900.0,-0.82,13.36,109998780,5
2020-05-08,280.74,292.95,279.13,292.44,385778500.0,4.17,13.82,77155700,5
2020-05-15,290.34,294.24,272.99,286.28,553230300.0,-1.4,21.25,110646060,5
2020-05-22,293.05,297.87,291.95,295.44,443006900.0,0.82,5.92,88601380,5
2020-05-29,301.93,306.84,295.46,304.32,403264800.0,0.79,11.38,100816200,4
2020-06-05,303.62,321.27,303.06,319.34,448912200.0,5.18,18.21,89782440,5
2020-06-12,320.22,323.41,298.6,304.21,650043700.0,-5.0,24.81,130008740,5
2020-06-19,298.02,315.64,296.74,308.64,573187400.0,3.56,18.9,114637480,5
2020-06-26,307.99,314.5,299.42,300.05,493363100.0,-2.58,15.08,98672620,5
2020-07-03,301.41,315.7,298.93,312.23,334908800.0,3.59,16.77,83727200,4
2020-07-10,316.37,317.88,310.68,317.59,340167000.0,0.39,7.2,68033400,5
2020-07-17,320.13,323.04,312.0,321.72,401248400.0,0.5,11.04,80249680,5
2020-07-24,321.43,327.23,319.25,320.88,320898500.0,-0.17,7.98,64179700,5
2020-07-31,321.63,326.63,319.64,326.52,301090700.0,1.52,6.99,60218140,5
2020-08-07,328.32,334.88,327.73,334.57,238681200.0,1.9,7.15,47736240,5
2020-08-14,335.06,338.28,332.01,336.84,256734100.0,0.53,6.27,51346820,5
2020-08-21,337.94,339.72,335.22,339.48,239583500.0,0.46,4.5,47916700,5
2020-08-28,342.12,350.72,339.45,350.58,244465300.0,2.47,11.27,48893060,5
2020-09-04,350.35,358.75,334.87,342.57,477715300.0,-2.22,23.88,95543060,5
2020-09-11,336.71,342.64,331.0,334.06,381177300.0,-0.79,11.64,95294325,4
2020-09-18,337.49,343.06,327.97,330.65,398023800.0,-2.03,15.09,79604760,5
2020-09-25,325.7,331.2,319.8,328.73,403925800.0,0.93,11.4,80785160,5
2020-10-02,333.22,338.74,331.19,333.84,398099500.0,0.19,7.55,79619900,5
2020-10-09,336.06,347.35,334.38,346.85,297612700.0,3.21,12.97,59522540,5
2020-10-16,349.59,354.02,343.13,347.29,361231500.0,-0.66,10.89,72246300,5
2020-10-23,348.65,349.33,340.65,345.78,296595700.0,-0.82,8.68,59319140,5
2020-10-30,342.13,342.98,322.6,326.54,495446400.0,-4.56,20.38,99089280,5
2020-11-06,330.2,352.19,327.24,350.16,463334900.0,6.04,24.95,92666980,5
2020-11-13,363.97,364.38,350.51,358.1,446943600.0,-1.61,13.87,89388720,5
2020-11-20,360.98,362.78,354.15,355.33,341601600.0,-1.57,8.63,68320320,5
2020-11-27,357.28,364.18,354.87,363.67,199491500.0,1.79,9.31,49872875,4
2020-12-04,362.83,369.85,359.17,369.85,317663000.0,1.93,10.68,63532600,5
2020-12-11,369.02,371.05,363.26,366.3,280935500.0,-0.74,7.79,56187100,5
2020-12-18,368.64,372.46,364.47,369.18,392163800.0,0.15,7.99,78432760,5
2020-12-25,364.97,378.46,362.03,369.0,216995000.0,1.1,16.43,54248750,4
2021-01-01,371.74,374.66,370.83,373.88,220656900.0,0.58,3.83,55164225,4
2021-01-08,375.31,381.49,364.82,381.26,425078700.0,1.59,16.67,85015740,5
2021-01-15,377.85,381.13,373.7,375.7,306035100.0,-0.57,7.43,61207020,5
2021-01-22,378.34,384.95,376.75,382.88,213770000.0,1.2,8.2,53442500,4
2021-01-29,383.67,385.85,368.27,370.07,457381600.0,-3.54,17.58,91476320,5
2021-02-05,373.72,388.47,370.38,387.71,288507800.0,3.74,18.09,57701560,5
2021-02-12,389.27,392.9,387.5,392.64,226577300.0,0.87,5.4,45315460,5
2021-02-19,393.96,394.17,387.74,390.03,246216800.0,-1.0,6.43,61554200,4
2021-02-26,387.06,392.23,378.23,380.36,546504300.0,-1.73,14.0,109300860,5
2021-03-05,385.59,390.92,371.88,383.63,640356900.0,-0.51,19.04,128071380,5
2021-03-12,384.66,395.65,381.42,394.06,497580800.0,2.44,14.23,99516160,5
2021-03-19,394.33,398.12,387.15,389.48,474082600.0,-1.23,10.97,94816520,5
2021-03-26,390.03,396.41,383.9,395.98,492591500.0,1.53,12.51,98518300,5
2021-04-02,394.4,400.67,392.81,400.61,396786900.0,1.57,7.86,99196725,4
2021-04-09,403.46,411.67,403.38,411.49,328509800.0,1.99,8.29,65701960,5
2021-04-16,410.85,417.91,410.2,417.26,317182900.0,1.56,7.71,63436580,5
2021-04-23,416.26,418.25,410.59,416.74,397935300.0,0.12,7.66,79587060,5
2021-04-30,417.44,420.72,416.3,417.3,318795700.0,-0.03,4.42,63759140,5
2021-05-07,419.43,422.82,411.67,422.12,371936900.0,0.64,11.15,74387380,5
2021-05-14,422.5,422.74,404.0,416.58,522147000.0,-1.4,18.74,104429400,5
2021-05-21,415.39,418.2,405.33,414.94,386007400.0,-0.11,12.87,77201480,5
2021-05-28,417.34,421.25,417.08,420.04,267144600.0,0.65,4.17,53428920,5
2021-06-04,422.57,422.92,416.28,422.6,217391300.0,0.01,6.64,54347825,4
2021-06-11,422.59,424.63,420.32,424.31,243716500.0,0.41,4.31,48743300,5
2021-06-18,424.43,425.46,414.7,414.92,383879100.0,-2.24,10.76,76775820,5
2021-06-25,416.8,427.09,415.93,426.61,283207500.0,2.35,11.16,56641500,5
2021-07-02,427.17,434.1,425.89,433.72,265096700.0,1.53,8.21,53019340,5
2021-07-09,433.78,435.84,427.52,435.52,306093700.0,0.4,8.32,76523425,4
2021-07-16,435.43,437.92,430.92,431.34,300932400.0,-0.94,7.0,60186480,5
2021-07-23,426.19,440.3,421.97,439.94,423964700.0,3.23,18.33,84792940,5
2021-07-30,439.31,441.8,435.99,438.51,279975200.0,-0.18,5.81,55995040,5
2021-08-06,440.34,442.94,436.1,442.49,249469100.0,0.49,6.84,49893820,5
2021-08-13,442.46,445.94,441.31,445.92,206975900.0,0.78,4.63,41395180,5
2021-08-20,444.53,447.11,436.12,443.36,420586700.0,-0.26,10.99,84117340,5
2021-08-27,445.16,450.65,443.44,450.25,269312100.0,1.14,7.21,53862420,5
2021-09-03,450.97,454.05,450.71,453.08,246050500.0,0.47,3.34,49210100,5
2021-09-10,452.71,452.81,445.31,445.44,255772000.0,-1.61,7.5,63943000,4
2021-09-17,448.64,448.92,441.02,441.4,436939600.0,-1.61,7.9,87387920,5
2021-09-24,434.88,444.89,428.86,443.91,499812500.0,2.08,16.03,99962500,5
2021-10-01,442.81,444.05,427.23,434.24,543882700.0,-1.94,16.82,108776540,5
2021-10-08,433.0,441.68,426.36,437.86,479279600.0,1.12,15.32,95855920,5
2021-10-15,437.16,446.26,431.54,445.87,345885500.0,1.99,14.72,69177100,5
2021-10-22,443.97,454.67,443.27,453.12,258932100.0,2.06,11.4,51786420,5
2021-10-29,454.28,459.56,452.39,459.25,295327900.0,1.09,7.17,59065580,5
2021-11-05,460.3,470.65,458.2,468.53,269089500.0,1.79,12.45,53817900,5
2021-11-12,469.7,470.23,462.04,467.27,259299200.0,-0.52,8.19,51859840,5
2021-11-19,468.64,470.94,466.23,468.89,251637500.0,0.05,4.71,50327500,5
2021-11-26,470.89,473.54,457.77,458.97,320496900.0,-2.53,15.77,80124225,4
2021-12-03,464.07,466.56,448.92,453.42,631737000.0,-2.29,17.64,126347400,5
2021-12-10,456.13,470.9,453.56,470.74,405133400.0,3.2,17.34,81026680,5
2021-12-17,470.19,472.87,458.06,459.87,553968300.0,-2.19,14.81,110793660,5
2021-12-24,454.48,472.19,451.14,470.6,292271000.0,3.55,21.05,73067750,4
2021-12-31,472.06,479.0,472.01,474.96,279152600.0,0.61,6.99,55830520,5
2022-01-07,476.3,479.98,464.65,466.09,420356300.0,-2.14,15.33,84071260,5
2022-01-14,462.7,473.2,456.6,464.72,448334500.0,0.44,16.6,89666900,5
2022-01-21,459.74,459.96,437.95,437.98,543717600.0,-4.73,22.01,135929400,4
2022-01-28,432.03,444.04,420.76,441.95,920508000.0,2.3,23.28,184101600,5
2022-02-04,441.24,458.12,439.81,448.7,629246600.0,1.69,18.31,125849320,5
2022-02-11,449.51,457.88,438.94,440.46,551393100.0,-2.01,18.94,110278620,5
2022-02-18,439.92,448.06,431.82,434.23,531254600.0,-1.29,16.24,106250920,5
2022-02-25,431.89,437.84,410.64,437.75,592717200.0,1.36,27.2,148179300,4
2022-03-04,432.03,441.11,427.11,432.17,620607300.0,0.03,14.0,124121460,5
2022-03-11,431.55,432.3,415.12,420.07,609269100.0,-2.66,17.18,121853820,5
2022-03-18,420.89,444.86,415.79,444.52,555925500.0,5.61,29.07,111185100,5
2022-03-25,444.34,452.98,440.68,452.69,384264500.0,1.88,12.3,76852900,5
2022-04-01,452.06,462.07,449.14,452.92,445526900.0,0.19,12.93,89105380,5
2022-04-08,453.13,457.83,443.47,447.57,398083400.0,-1.23,14.36,79616680,5
2022-04-15,444.11,445.75,436.65,437.79,346074000.0,-1.42,9.1,86518500,4
2022-04-22,436.81,450.01,425.44,426.04,426937000.0,-2.47,24.57,85387400,5
2022-04-29,423.67,429.64,411.21,412.0,596614200.0,-2.75,18.43,119322840,5
2022-05-06,412.07,429.66,405.02,411.34,727288500.0,-0.18,24.64,145457700,5
2022-05-13,405.1,406.41,385.15,401.72,659709500.0,-0.83,21.26,131941900,5
2022-05-20,399.98,408.57,380.54,389.63,509269500.0,-2.59,28.03,101853900,5
2022-05-27,392.83,415.38,386.96,415.26,426273600.0,5.71,28.42,85254720,5
2022-06-03,413.55,417.44,406.93,410.54,334006700.0,-0.73,10.51,83501675,4
2022-06-10,414.78,416.61,389.75,389.8,400315000.0,-6.02,26.86,80063000,5
2022-06-17,379.85,383.9,362.17,365.86,645270700.0,-3.68,21.73,129054140,5
2022-06-24,371.89,390.09,370.18,390.08,344213700.0,4.89,19.91,86053425,4
2022-07-01,391.05,393.16,372.56,381.24,405582500.0,-2.51,20.6,81116500,5
2022-07-08,375.88,390.64,372.9,388.67,288787900.0,3.4,17.74,72196975,4
2022-07-15,385.85,386.87,371.04,385.13,373575900.0,-0.19,15.83,74715180,5
2022-07-22,388.38,400.18,380.66,395.09,350654600.0,1.73,19.52,70130920,5
2022-07-29,395.75,413.03,389.95,411.99,349890300.0,4.1,23.08,69978060,5
2022-08-05,409.15,415.68,406.82,413.47,303725000.0,1.06,8.86,60745000,5
2022-08-12,415.25,427.21,410.22,427.1,288667800.0,2.85,16.99,57733560,5
2022-08-19,424.77,431.73,421.22,422.14,293940800.0,-0.62,10.51,58788160,5
2022-08-26,417.05,419.96,405.25,405.31,330007900.0,-2.82,14.71,66001580,5
2022-09-02,402.2,405.84,390.04,392.24,405425100.0,-2.48,15.8,81085020,5
2022-09-09,393.13,407.51,388.42,406.6,305130200.0,3.43,19.09,76282550,4
2022-09-16,408.78,411.73,382.11,385.56,467945700.0,-5.68,29.62,93589140,5
2022-09-23,382.26,389.31,363.29,367.95,469119500.0,-3.74,26.02,93823900,5
2022-09-30,366.41,372.3,357.04,357.18,578341000.0,-2.52,15.26,115668200,5
2022-10-07,361.08,379.46,359.21,362.79,471548000.0,0.47,20.25,94309600,5
2022-10-14,363.96,370.26,348.11,357.63,516508900.0,-1.74,22.15,103301780,5
2022-10-21,364.01,375.45,357.28,374.29,489399500.0,2.82,18.17,97879900,5
2022-10-28,375.89,389.52,373.11,389.02,450644300.0,3.49,16.41,90128860,5
2022-11-04,386.44,390.39,368.79,376.35,499634600.0,-2.61,21.6,99926920,5
2022-11-11,377.71,399.35,373.61,398.51,466719200.0,5.51,25.74,93343840,5
2022-11-18,396.66,402.31,390.14,396.03,401025300.0,-0.16,12.17,80205060,5
2022-11-25,394.64,402.93,392.66,402.33,210479200.0,1.95,10.27,52619800,4
2022-12-02,399.09,410.0,393.3,406.91,426499200.0,1.96,16.7,85299840,5
2022-12-09,403.95,404.93,391.64,393.28,363375500.0,-2.64,13.29,72675100,5
2022-12-16,394.11,410.49,381.04,383.27,544863500.0,-2.75,29.45,108972700,5
2022-12-23,383.47,387.41,374.77,382.91,392450900.0,-0.15,12.64,78490180,5
2022-12-30,382.79,384.35,376.42,382.43,273542800.0,-0.09,7.93,68385700,4
2023-01-06,384.37,389.25,377.83,388.08,341944900.0,0.97,11.42,85486225,4
2023-01-13,390.37,399.1,386.27,398.5,362278900.0,2.08,12.83,72455780,5
2023-01-20,398.48,400.23,387.26,395.88,341074900.0,-0.65,12.97,85268725,4
2023-01-27,396.72,408.16,393.56,405.68,369137600.0,2.26,14.6,73827520,5
2023-02-03,402.8,418.31,400.28,412.35,458864300.0,2.37,18.03,91772860,5
2023-02-10,409.79,416.49,405.01,408.04,376978100.0,-0.43,11.48,75395620,5
2023-02-17,408.72,415.05,404.05,407.26,380547800.0,-0.36,11.0,76109560,5
2023-02-24,403.06,404.16,393.64,396.38,370835000.0,-1.66,10.52,92708750,4
2023-03-03,399.87,404.45,392.33,404.19,451837900.0,1.08,12.12,90367580,5
2023-03-10,405.05,407.45,384.32,385.91,557051400.0,-4.73,23.13,111410280,5
2023-03-17,381.81,396.47,380.65,389.99,764346900.0,2.14,15.82,152869380,5
2023-03-24,390.8,402.49,389.4,395.75,523360300.0,1.27,13.09,104672060,5
2023-03-31,398.12,409.7,393.69,409.39,396282600.0,2.83,16.01,79256520,5
2023-04-07,408.85,411.92,405.68,409.19,262936100.0,0.08,6.24,65734025,4
2023-04-14,406.61,415.09,405.97,412.46,373375600.0,1.44,9.12,74675120,5
2023-04-21,412.37,415.72,410.17,412.2,334521500.0,-0.04,5.55,66904300,5
2023-04-28,411.99,415.94,403.78,415.93,424947300.0,0.96,12.16,84989460,5
2023-05-05,415.47,417.62,403.74,412.63,440446300.0,-0.68,13.88,88089260,5
2023-05-12,412.97,414.54,408.87,411.59,336048400.0,-0.33,5.67,67209680,5
2023-05-19,412.22,420.72,410.23,418.62,400252400.0,1.55,10.49,80050480,5
2023-05-26,418.64,420.77,409.88,420.02,421134200.0,0.33,10.89,84226840,5
2023-06-02,422.03,428.74,416.22,427.92,363319000.0,1.4,12.52,90829750,4
2023-06-09,428.28,431.99,425.82,429.9,362551300.0,0.38,6.17,72510260,5
2023-06-16,430.92,443.9,430.17,439.46,497085000.0,1.98,13.73,99417000,5
2023-06-23,437.45,438.37,432.47,433.21,315854400.0,-0.97,5.9,78963600,4
2023-06-30,432.62,444.3,431.19,443.28,394119600.0,2.46,13.11,78823920,5
2023-07-07,442.92,444.08,437.06,438.55,258004300.0,-0.99,7.02,64501075,4
2023-07-14,438.18,451.36,437.59,449.28,361072800.0,2.53,13.77,72214560,5
2023-07-21,449.13,456.43,449.08,452.18,341107300.0,0.68,7.35,68221460,5
2023-07-28,453.37,459.44,451.55,456.92,352473700.0,0.78,7.89,70494740,5
2023-08-04,457.41,458.16,446.27,446.81,375670300.0,-2.32,11.89,75134060,5
2023-08-11,448.71,451.7,443.35,445.65,370204800.0,-0.68,8.35,74040960,5
2023-08-18,444.7,448.11,433.01,436.5,398245400.0,-1.84,15.1,79649080,5
2023-08-25,437.55,445.22,435.0,439.97,392996600.0,0.55,10.22,78599320,5
2023-09-01,442.24,453.67,439.97,451.19,338759900.0,2.02,13.7,67751980,5
2023-09-08,450.73,451.06,442.75,445.52,257939800.0,-1.16,8.31,64484950,4
2023-09-15,448.24,451.08,442.92,443.37,383224500.0,-1.09,8.16,76644900,5
2023-09-22,443.05,444.97,429.99,430.42,409754900.0,-2.85,14.98,81950980,5
2023-09-29,429.17,432.27,422.29,427.48,479118300.0,-0.39,9.98,95823660,5
2023-10-06,426.62,431.13,420.18,429.54,458428200.0,0.68,10.95,91685640,5
2023-10-13,427.58,437.34,427.01,431.5,397730700.0,0.92,10.33,79546140,5
2023-10-20,433.82,438.14,421.08,421.19,489560600.0,-2.91,17.06,97912120,5
2023-10-27,419.61,424.82,409.21,410.68,487347000.0,-2.13,15.61,97469400,5
2023-11-03,413.56,436.29,412.22,434.69,459402700.0,5.11,24.07,91880540,5
2023-11-10,435.47,440.93,433.4,440.61,366470400.0,1.18,7.53,73294080,5
2023-11-17,439.23,451.42,438.42,450.79,376539600.0,2.63,13.0,75307920,5
2023-11-24,450.53,456.38,450.52,455.3,208313100.0,1.06,5.86,52078275,4
2023-12-01,454.65,459.65,453.34,459.1,344703100.0,0.98,6.31,68940620,5
2023-12-08,455.6,460.75,454.31,460.2,361538900.0,1.01,6.44,72307780,5
2023-12-15,459.69,473.73,459.47,469.33,487187500.0,2.1,14.26,97437500,5
2023-12-22,470.98,475.9,467.82,473.65,382886000.0,0.57,8.08,76577200,5
2023-12-29,474.07,477.55,473.3,475.31,322828500.0,0.26,4.25,80707125,4
2024-01-05,472.16,473.67,466.43,467.92,397560700.0,-0.9,7.24,99390175,4
2024-01-12,468.43,478.6,468.3,476.68,344088200.0,1.76,10.3,68817640,5
2024-01-19,475.26,482.72,469.87,482.43,356549500.0,1.51,12.85,89137375,4
2024-01-26,484.01,489.12,482.78,487.41,356721800.0,0.7,6.34,71344360,5
2024-02-02,487.73,496.05,482.86,494.35,437072100.0,1.36,13.19,87414420,5
2024-02-09,493.7,501.65,490.23,501.2,318555200.0,1.52,11.42,63711040,5
2024-02-16,501.17,503.5,490.72,499.51,375205200.0,-0.33,12.78,75041040,5
2024-02-23,497.72,510.13,493.56,507.85,268754400.0,2.04,16.57,67188600,4
2024-03-01,508.3,513.29,504.75,512.85,316517400.0,0.9,8.54,63303480,5
2024-03-08,512.03,518.22,504.91,511.72,336221900.0,-0.06,13.31,67244380,5
2024-03-15,510.48,517.38,508.12,509.83,408593800.0,-0.13,9.26,81718760,5
2024-03-22,514.0,524.11,511.12,521.21,358570100.0,1.4,12.99,71714020,5
2024-03-29,519.8,524.61,518.4,523.07,293270500.0,0.63,6.21,73317625,4
2024-04-05,523.83,524.38,512.76,518.43,367268200.0,-1.03,11.62,73453640,5
2024-04-12,519.15,520.75,509.08,510.85,361763900.0,-1.6,11.67,72352780,5
2024-04-19,515.13,515.3,493.86,495.16,418256400.0,-3.88,21.44,83651280,5
2024-04-26,497.83,509.88,495.43,508.26,321951200.0,2.1,14.45,64390240,5
2024-05-03,510.09,512.55,499.55,511.29,339448700.0,0.24,13.0,67889740,5
2024-05-10,513.75,522.64,513.3,520.84,237750100.0,1.38,9.34,47550020,5
2024-05-17,522.56,531.52,519.74,529.45,263189600.0,1.32,11.78,52637920,5
2024-05-24,529.57,533.07,524.72,529.44,218093500.0,-0.02,8.35,43618700,5
2024-05-31,530.27,530.51,518.36,527.37,218623300.0,-0.55,12.15,54655825,4
2024-06-07,529.02,536.89,522.6,534.01,203111800.0,0.94,14.29,40622360,5
2024-06-14,533.18,544.12,532.05,542.78,220171600.0,1.8,12.07,44034320,5
2024-06-21,542.08,550.12,541.61,544.51,231882700.0,0.45,8.51,57970675,4
2024-06-28,544.33,550.28,542.44,544.22,233201500.0,-0.02,7.84,46640300,5
2024-07-05,545.63,555.05,542.52,554.64,155010900.0,1.65,12.53,38752725,4
2024-07-12,555.44,563.67,554.19,559.99,208240000.0,0.82,9.48,41648000,5
2024-07-19,562.03,565.16,547.91,548.99,255958100.0,-2.32,17.25,51191620,5
2024-07-26,553.0,556.74,537.45,544.44,267223700.0,-1.55,19.29,53444740,5
2024-08-02,546.02,554.87,528.6,532.9,311250600.0,-2.4,26.27,62250120,5
2024-08-09,511.64,534.51,510.27,532.99,410688200.0,4.17,24.24,82137640,5
2024-08-16,534.21,555.02,530.95,554.31,242599600.0,3.76,24.07,48519920,5
2024-08-23,554.73,563.18,553.86,562.13,221129600.0,1.33,9.32,44225920,5
2024-08-30,563.18,564.2,555.04,563.68,210963800.0,0.09,9.16,42192760,5
2024-09-06,560.47,560.81,539.44,540.36,220583100.0,-3.59,21.37,55145775,4
2024-09-13,544.65,563.03,539.96,562.01,243219100.0,3.19,23.07,48643820,5
2024-09-20,561.74,572.88,559.9,568.25,297840600.0,1.16,12.98,59568120,5
2024-09-27,569.34,574.71,567.6,571.47,219788100.0,0.37,7.11,43957620,5
2024-10-04,570.42,574.38,565.27,572.98,258109600.0,0.45,9.11,51621920,5
2024-10-11,571.3,580.33,566.63,579.58,211681700.0,1.45,13.7,42336340,5
2024-10-18,581.22,586.12,578.54,584.59,192956700.0,0.58,7.58,38591340,5
2024-10-25,583.85,584.85,574.42,579.04,202185500.0,-0.82,10.43,40437100,5
2024-11-01,582.58,583.32,568.44,571.04,220360200.0,-1.98,14.88,44072040,5
2024-11-08,571.18,599.64,567.89,598.19,239555400.0,4.73,31.75,47911080,5
2024-11-15,599.81,600.17,583.86,585.75,242874400.0,-2.34,16.31,48574880,5
2024-11-22,586.22,596.15,584.03,595.51,221423000.0,1.58,12.12,44284600,5
2024-11-29,599.52,603.35,595.2,602.55,152240300.0,0.51,8.15,38060075,4
2024-12-06,602.97,609.07,602.34,607.81,161443900.0,0.8,6.73,32288780,5
2024-12-13,607.69,608.43,602.13,604.21,168103400.0,-0.57,6.3,33620680,5
2024-12-20,606.0,607.78,580.91,591.15,419353600.0,-2.45,26.87,83870720,5
2024-12-27,590.89,602.48,587.66,595.01,196984300.0,0.7,14.82,49246075,4
2025-01-03,587.89,592.6,580.5,591.95,201724000.0,0.69,12.1,50431000,4
2025-01-10,596.27,599.7,578.55,580.49,228482200.0,-2.65,21.15,57120550,4
2025-01-17,575.77,599.36,575.35,597.58,254621200.0,3.79,24.01,50924240,5
2025-01-24,600.67,610.78,598.67,607.97,166485700.0,1.22,12.11,41621425,4
2025-01-31,594.81,609.96,594.64,601.82,257820000.0,1.18,15.32,51564000,5
2025-02-07,592.67,608.13,590.49,600.77,216528100.0,1.37,17.64,43305620,5
2025-02-14,604.03,610.99,598.51,609.7,169013200.0,0.94,12.48,33802640,5
2025-02-21,610.88,613.23,599.47,599.94,170833900.0,-1.79,13.76,42708475,4
2025-02-28,602.02,603.03,582.44,594.18,315266100.0,-1.3,20.59,63053220,5
2025-03-07,596.18,597.34,565.63,575.92,416381600.0,-3.4,31.71,83276320,5
2025-03-14,567.59,569.54,549.68,562.81,393756600.0,-0.84,19.86,78751320,5
2025-03-21,562.79,570.95,558.03,563.98,328327300.0,0.21,12.92,65665460,5
2025-03-28,570.8,576.41,555.07,555.66,262797700.0,-2.65,21.34,52559540,5
2025-04-04,549.83,567.42,505.06,505.28,569903400.0,-8.1,62.36,113980680,5
2025-04-11,489.19,548.62,481.8,533.94,924492800.0,9.15,66.82,184898560,5
2025-04-18,544.05,544.28,520.29,526.41,288279800.0,-3.24,23.99,72069950,4
2025-04-25,521.16,551.05,508.46,550.64,361176900.0,5.66,42.59,72235380,5
2025-05-02,551.39,568.38,541.52,566.76,312393800.0,2.79,26.86,62478760,5
2025-05-09,562.57,570.31,556.04,564.34,245246100.0,0.31,14.27,49049220,5
2025-05-16,581.47,594.5,577.04,594.2,360544500.0,2.19,17.46,72108900,5
2025-05-23,588.1,595.54,575.6,579.11,370870100.0,-1.53,19.94,74174020,5
2025-05-30,586.07,593.2,578.43,589.39,301608500.0,0.57,14.77,75402125,4
2025-06-06,587.76,600.83,585.06,599.14,341418300.0,1.94,15.77,68283660,5
2025-06-13,599.72,605.06,595.48,597.0,346556600.0,-0.45,9.58,69311320,5
2025-06-20,600.4,604.45,592.86,594.28,332849900.0,-1.02,11.59,83212475,4
2025-06-27,595.04,616.39,591.89,614.91,382082900.0,3.34,24.5,76416580,5
2025-07-04,617.38,626.28,615.04,625.34,280108800.0,1.29,11.24,70027200,4
2025-07-11,623.36,626.87,617.87,623.62,321151600.0,0.04,9.0,64230320,5
2025-07-18,623.16,629.47,618.05,627.58,349710600.0,0.71,11.42,69942120,5
2025-07-25,628.77,637.58,626.19,637.1,322104800.0,1.32,11.39,64420960,5
2025-08-01,637.48,639.85,619.29,621.72,439381100.0,-2.47,20.56,87876220,5
2025-08-08,625.67,637.65,625.58,637.18,343884300.0,1.84,12.07,68776860,5
2025-08-15,637.46,646.19,634.66,643.44,311485900.0,0.94,11.53,62297180,5
2025-08-22,642.86,646.5,632.95,645.31,341334900.0,0.38,13.55,68266980,5
2025-08-29,644.04,649.48,641.57,645.05,287238700.0,0.16,7.91,57447740,5
2025-09-05,637.5,652.21,634.92,647.24,303202500.0,1.53,17.29,75800625,4
2025-09-12,648.62,659.11,647.22,657.41,350016000.0,1.36,11.89,70003200,5
2025-09-19,659.64,664.89,654.3,663.7,415298400.0,0.62,10.59,83059680,5
2025-09-26,662.2,667.34,654.41,661.82,378044600.0,-0.06,12.93,75608920,5
2025-10-03,664.36,672.68,661.61,669.21,359722800.0,0.73,11.07,71944560,5
2025-10-10,671.62,673.95,652.84,653.02,413270100.0,-2.77,21.11,82654020,5
2025-10-17,660.65,670.23,653.17,664.39,457106900.0,0.57,17.06,91421380,5
2025-10-24,667.32,678.47,663.3,677.25,337267400.0,1.49,15.17,67453480,5
2025-10-31,682.73,689.7,679.24,682.06,374234900.0,-0.1,10.46,74846980,5
2025-11-07,685.67,685.8,661.21,670.97,395772100.0,-2.14,24.59,79154420,5
2025-11-14,677.24,684.96,663.27,671.93,397413300.0,-0.78,21.69,79482660,5
2025-11-21,669.7,675.56,650.85,659.03,588876300.0,-1.59,24.71,117775260,5
2025-11-28,662.69,683.67,661.59,683.39,282606600.0,3.12,22.08,70651650,4
2025-12-05,678.81,688.39,678.74,685.69,322604800.0,1.01,9.65,64520960,5
2025-12-12,686.59,689.25,679.17,681.76,398546900.0,-0.7,10.08,79709380,5
2025-12-19,685.74,685.76,671.2,680.59,535716400.0,-0.75,14.56,107143280,5
2025-12-26,683.94,691.66,680.59,690.31,215455600.0,0.93,11.07,53863900,4
2026-01-02,687.54,689.2,679.82,683.17,273242200.0,-0.64,9.38,68310550,4
2026-01-09,686.54,695.31,686.38,694.07,360934000.0,1.1,8.93,72186800,5
2026-01-16,690.68,696.09,686.04,691.66,394113600.0,0.14,10.05,78822720,5
2026-01-23,681.49,691.13,676.57,689.23,379639600.0,1.14,14.56,94909900,4
2026-01-30,690.49,697.84,684.83,691.97,376473400.0,0.21,13.01,75294680,5
2026-02-06,689.58,696.96,675.79,690.62,495134100.0,0.15,21.17,99026820,5
2026-02-13,689.42,697.14,677.52,681.75,430521300.0,-1.11,19.62,86104260,5
2026-02-20,680.14,690.06,675.78,689.43,313608400.0,1.37,14.28,78402100,4
2026-02-27,687.83,693.68,680.0,685.99,375706200.0,-0.27,13.68,75141240,5
2026-03-06,678.7,688.62,669.66,672.38,478956000.0,-0.93,18.96,95791200,5
2026-03-13,666.39,683.36,661.36,662.29,458697100.0,-0.62,22.0,91739420,5
2026-03-20,668.38,674.44,644.72,648.57,526103700.0,-2.96,29.72,105220740,5
2026-03-27,658.07,662.62,633.11,634.09,522057800.0,-3.64,29.51,104411560,5
2026-04-03,640.11,658.52,629.28,655.83,418010200.0,2.46,29.24,104502550,4
2026-04-10,655.86,682.03,651.06,679.46,302080200.0,3.6,30.97,60416040,5
2026-04-17,677.41,712.39,676.58,710.14,296541000.0,4.83,35.81,59308200,5
2026-04-24,708.78,714.47,702.28,713.94,246362700.0,0.73,12.19,49272540,5
2026-05-01,713.17,724.87,708.37,720.65,228403200.0,1.05,16.5,45680640,5
2026-05-08,720.07,738.08,714.99,737.62,241124400.0,2.44,23.09,48224880,5
2026-05-15,736.45,749.53,731.83,739.17,248127900.0,0.37,17.7,49625580,5
2026-05-22,739.83,748.94,731.53,745.64,232962000.0,0.79,17.41,46592400,5
2026-05-29,750.01,758.08,748.22,756.48,179868200.0,0.86,9.86,44967050,4
2026-06-05,755.36,760.4,735.53,737.55,270531700.0,-2.36,24.87,54106340,5
2026-06-12,743.36,746.9,722.59,741.75,340753900.0,-0.22,24.31,68150780,5
2026-06-19,751.85,756.68,739.22,746.74,294090400.0,-0.68,17.46,73522600,4
2026-06-26,747.7,750.18,716.58,728.99,295882800.0,-2.5,33.6,59176560,5
2026-07-03,736.53,751.31,732.09,744.78,218209900.0,1.12,19.22,54552475,4
2026-07-10,748.74,755.42,739.51,754.95,221795200.0,0.83,15.91,44359040,5
2026-07-17,752.47,755.58,740.8,743.29,232062300.0,-1.22,14.78,46412460,5
2026-07-24,747.06,750.02,735.21,738.93,217802100.0,-1.09,14.81,43560420,5
2026-07-31,744.91,748.9,729.1,747.03,288737800.0,0.28,19.8,57747560,5
2026-08-07,749.44,776.85,748.8,773.26,255774600.0,3.18,28.05,51154920,5
2026-08-14,772.6,779.37,769.2,776.34,176171600.0,0.48,10.17,35234320,5
2026-08-21,776.18,776.78,762.04,765.72,203292500.0,-1.35,14.74,40658500,5
2026-08-28,764.78,775.3,762.08,769.35,159906200.0,0.6,13.22,31981240,5
2026-09-04,767.33,774.03,759.48,770.19,187089100.0,0.37,14.55,37417820,5
2026-09-11,769.07,769.7,756.64,764.29,165811600.0,-0.62,13.06,41452900,4
2026-09-18,759.0,763.57,749.6,761.69,264453000.0,0.35,13.97,52890600,5
2026-09-25,766.25,775.14,766.03,767.81,140167100.0,0.2,9.11,46722367,3
